full_name,pr_number,error
viatra/massif,21,PR sem createdAt ou mergedAt válido.
viatra/massif,49,PR sem createdAt ou mergedAt válido.
viatra/massif,65,PR sem createdAt ou mergedAt válido.
viatra/massif,75,PR sem createdAt ou mergedAt válido.
viatra/massif,135,PR sem createdAt ou mergedAt válido.
viatra/massif,136,PR sem createdAt ou mergedAt válido.
viatra/massif,139,PR sem createdAt ou mergedAt válido.
viatra/massif,165,PR sem createdAt ou mergedAt válido.
viatra/massif,203,PR sem createdAt ou mergedAt válido.
viatra/massif,204,PR sem createdAt ou mergedAt válido.
viatra/massif,217,PR sem createdAt ou mergedAt válido.
viatra/massif,218,PR sem createdAt ou mergedAt válido.
viatra/massif,219,PR sem createdAt ou mergedAt válido.
viatra/massif,220,PR sem createdAt ou mergedAt válido.
viatra/massif,221,PR sem createdAt ou mergedAt válido.
viatra/massif,223,PR sem createdAt ou mergedAt válido.
WildcardSearch/Advanced-Sidebox,10,PR sem createdAt ou mergedAt válido.
WildcardSearch/Advanced-Sidebox,11,PR sem createdAt ou mergedAt válido.
WildcardSearch/Advanced-Sidebox,12,PR sem createdAt ou mergedAt válido.
WildcardSearch/Advanced-Sidebox,33,PR sem createdAt ou mergedAt válido.
WildcardSearch/Advanced-Sidebox,40,PR sem createdAt ou mergedAt válido.
WildcardSearch/Advanced-Sidebox,43,PR sem createdAt ou mergedAt válido.
WildcardSearch/Advanced-Sidebox,107,PR sem createdAt ou mergedAt válido.
WildcardSearch/Advanced-Sidebox,150,PR sem createdAt ou mergedAt válido.
WildcardSearch/Advanced-Sidebox,154,PR sem createdAt ou mergedAt válido.
WildcardSearch/Advanced-Sidebox,212,PR sem createdAt ou mergedAt válido.
WildcardSearch/Advanced-Sidebox,397,PR sem createdAt ou mergedAt válido.
WildcardSearch/Advanced-Sidebox,401,PR sem createdAt ou mergedAt válido.
AnyBlok/AnyBlok,1,PR sem createdAt ou mergedAt válido.
AnyBlok/AnyBlok,3,PR sem createdAt ou mergedAt válido.
AnyBlok/AnyBlok,22,PR sem createdAt ou mergedAt válido.
AnyBlok/AnyBlok,65,PR sem createdAt ou mergedAt válido.
AnyBlok/AnyBlok,101,PR sem createdAt ou mergedAt válido.
AnyBlok/AnyBlok,111,PR sem createdAt ou mergedAt válido.
AnyBlok/AnyBlok,127,PR sem createdAt ou mergedAt válido.
AnyBlok/AnyBlok,129,PR sem createdAt ou mergedAt válido.
AnyBlok/AnyBlok,132,PR sem createdAt ou mergedAt válido.
AnyBlok/AnyBlok,136,PR sem createdAt ou mergedAt válido.
AnyBlok/AnyBlok,139,PR sem createdAt ou mergedAt válido.
AnyBlok/AnyBlok,140,PR sem createdAt ou mergedAt válido.
AnyBlok/AnyBlok,143,PR sem createdAt ou mergedAt válido.
AnyBlok/AnyBlok,144,PR sem createdAt ou mergedAt válido.
AnyBlok/AnyBlok,186,PR sem createdAt ou mergedAt válido.
AnyBlok/AnyBlok,223,PR sem createdAt ou mergedAt válido.
AnyBlok/AnyBlok,224,PR sem createdAt ou mergedAt válido.
AnyBlok/AnyBlok,231,PR sem createdAt ou mergedAt válido.
AnyBlok/AnyBlok,249,PR sem createdAt ou mergedAt válido.
ploigos/ploigos-step-runner,12,PR sem createdAt ou mergedAt válido.
ploigos/ploigos-step-runner,32,PR sem createdAt ou mergedAt válido.
ploigos/ploigos-step-runner,36,PR sem createdAt ou mergedAt válido.
ploigos/ploigos-step-runner,68,PR sem createdAt ou mergedAt válido.
ploigos/ploigos-step-runner,83,PR sem createdAt ou mergedAt válido.
ploigos/ploigos-step-runner,87,PR sem createdAt ou mergedAt válido.
ploigos/ploigos-step-runner,91,PR sem createdAt ou mergedAt válido.
ploigos/ploigos-step-runner,94,PR sem createdAt ou mergedAt válido.
ploigos/ploigos-step-runner,128,PR sem createdAt ou mergedAt válido.
ploigos/ploigos-step-runner,136,PR sem createdAt ou mergedAt válido.
ploigos/ploigos-step-runner,150,PR sem createdAt ou mergedAt válido.
ploigos/ploigos-step-runner,170,PR sem createdAt ou mergedAt válido.
ploigos/ploigos-step-runner,188,PR sem createdAt ou mergedAt válido.
ploigos/ploigos-step-runner,189,PR sem createdAt ou mergedAt válido.
ploigos/ploigos-step-runner,191,PR sem createdAt ou mergedAt válido.
ploigos/ploigos-step-runner,198,PR sem createdAt ou mergedAt válido.
ploigos/ploigos-step-runner,215,PR sem createdAt ou mergedAt válido.
ploigos/ploigos-step-runner,219,PR sem createdAt ou mergedAt válido.
ploigos/ploigos-step-runner,220,PR sem createdAt ou mergedAt válido.
