query_label,repository_name,owner_login,full_name,url,description,topics,created_at,pushed_at,stars,forks,primary_language,issues_total,pull_requests_total,releases_total,contributors_count
stars_35001_50000,TrendRadar,sansan0,sansan0/TrendRadar,https://github.com/sansan0/TrendRadar,"⭐AI-driven public opinion & trend monitor with multi-platform aggregation, RSS, and smart alerts.🎯 告别信息过载，你的 AI 舆情监控助手与热点筛选工具！聚合多平台热点 +  RSS 订阅，支持关键词精准筛选。AI 智能筛选新闻 + AI 翻译 +  AI 分析简报直推手机，也支持接入 MCP 架构，赋能 AI 自然语言对话分析、情感洞察与趋势预测等。支持 Docker ，数据本地/云端自持。集成微信/飞书/钉钉/Telegram/邮件/ntfy/bark/slack 等渠道智能推送。",data-analysis | python | trending-topics | news | hot-news | docker | ntfy | mail | mcp | mcp-server | wechat | wework | bark | rss | ai | llm,2025-04-28T11:42:16Z,2026-03-26T11:49:49Z,49796,22794,Python,416,598,0,3
stars_35001_50000,mastodon,mastodon,mastodon/mastodon,https://github.com/mastodon/mastodon,"Your self-hosted, globally interconnected microblogging community",mastodon | docker | microblog | activity-stream | webfinger | social-network | activitypub | fediverse | social-web,2016-02-22T15:01:25Z,2026-03-26T11:32:20Z,49786,7423,Ruby,12772,23206,330,1089
stars_35001_50000,odoo,odoo,odoo/odoo,https://github.com/odoo/odoo,Odoo. Open Source Apps To Grow Your Business.,odoo | python | business | management | odoo-apps | erp | apps,2014-05-13T15:38:58Z,2026-03-26T13:11:11Z,49751,31907,Python,18850,235341,0,4035
stars_35001_50000,jellyfin,jellyfin,jellyfin/jellyfin,https://github.com/jellyfin/jellyfin,The Free Software Media System - Server Backend & API,jellyfin | csharp | dotnet | hacktoberfest,2018-12-09T06:36:45Z,2026-03-26T00:23:11Z,49668,4575,C#,8234,6580,102,1657
stars_35001_50000,cypress,cypress-io,cypress-io/cypress,https://github.com/cypress-io/cypress,"Fast, easy and reliable testing for anything that runs in a browser.",cypress | end-to-end-testing | angular-testing-library | component-testing | cypress-cloud | cypress-schematic | react-testing-library | svelte-testing-library | testing-framework | testing-library | testing-tool | vue-testing-library | test-replay,2015-03-04T00:46:28Z,2026-03-26T08:15:08Z,49611,3398,TypeScript,15335,9908,389,542
stars_35001_50000,lx-music-desktop,lyswhut,lyswhut/lx-music-desktop,https://github.com/lyswhut/lx-music-desktop,一个基于 Electron 的音乐软件,music-player | javascript | electron | vue,2019-08-14T14:31:08Z,2026-03-11T06:52:52Z,49577,6666,TypeScript,2376,178,112,16
stars_35001_50000,ai-hedge-fund,virattt,virattt/ai-hedge-fund,https://github.com/virattt/ai-hedge-fund,An AI Hedge Fund Team,,2024-11-29T16:30:01Z,2026-03-19T09:02:38Z,49574,8619,Python,236,296,0,40
stars_35001_50000,hacker-scripts,NARKOZ,NARKOZ/hacker-scripts,https://github.com/NARKOZ/hacker-scripts,Based on a true story,,2015-11-21T19:05:09Z,2023-10-23T21:01:40Z,49448,6665,JavaScript,105,147,0,57
stars_35001_50000,open-source-ios-apps,dkhamsing,dkhamsing/open-source-ios-apps,https://github.com/dkhamsing/open-source-ios-apps,:iphone: Collaborative List of Open-Source iOS Apps,ios | swift | objective-c | iphone | ipad | react-native | awesome | list | app | example | cocoapods | game | apple | apple-tv | apple-watch | swiftui | tvos | watchos | flutter | apple-vision-pro,2015-01-26T23:32:34Z,2026-03-26T12:15:46Z,49381,5743,,333,1727,37,411
stars_35001_50000,dbeaver,dbeaver,dbeaver/dbeaver,https://github.com/dbeaver/dbeaver,Free universal database tool and SQL client,sql | database | dbeaver | gui | mysql | postgresql | db2 | sqlite | erd | java | oracle | nosql | sqlserver | redshift | jdbc | ai | copilot | openai,2015-10-21T08:26:28Z,2026-03-26T13:09:03Z,49292,4088,Java,20072,7818,244,438
stars_35001_50000,json,nlohmann,nlohmann/json,https://github.com/nlohmann/json,JSON for Modern C++,json | json-pointer | json-patch | cbor | msgpack | header-only | stl-containers | json-serialization | json-parser | rfc-6901 | rfc-6902 | rfc-7159 | rfc-7049 | json-diff | messagepack | rfc-8259 | ubjson | json-merge-patch | bson,2013-07-04T08:47:49Z,2026-03-23T16:13:13Z,49233,7342,C++,2369,1467,45,352
stars_35001_50000,alist,AlistGo,AlistGo/alist,https://github.com/AlistGo/alist,"🗂️A file list/WebDAV program that supports multiple storages, powered by Gin and Solidjs. / 一个支持多存储的文件列表/WebDAV程序，使用 Gin 和 Solidjs。",golang | gin | webdav | solidjs | file-server | onedrive,2020-12-23T17:40:29Z,2026-03-26T12:39:21Z,49225,7968,Go,4432,1140,144,185
stars_35001_50000,huginn,huginn,huginn/huginn,https://github.com/huginn/huginn,Create agents that monitor and act on your behalf.  Your agents are standing by!,automation | notifications | scraper | webscraping | feedgenerator | rss | agent | monitoring | feed | twitter-streaming | huginn | twitter,2013-03-10T06:00:31Z,2026-03-21T09:44:51Z,48973,4251,Ruby,2181,1382,1,260
stars_35001_50000,gstack,garrytan,garrytan/gstack,https://github.com/garrytan/gstack,"Use Garry Tan's exact Claude Code setup: 15 opinionated tools that serve as CEO, Designer, Eng Manager, Release Manager, Doc Engineer, and QA",,2026-03-11T21:22:45Z,2026-03-26T07:29:29Z,48949,6208,TypeScript,114,397,0,5
stars_35001_50000,query,TanStack,TanStack/query,https://github.com/TanStack/query,"🤖 Powerful asynchronous state management, server-state utilities and data fetching for the web. TS/JS, React Query, Solid Query, Svelte Query and Vue Query.",react | hooks | fetch | cache | async | rest | graphql | data | query | stale | stale-while-revalidate | update | solid | svelte | typescript | vue,2019-09-10T19:23:58Z,2026-03-24T21:30:48Z,48914,3742,TypeScript,2284,4035,1000,1043
stars_35001_50000,ghostty,ghostty-org,ghostty-org/ghostty,https://github.com/ghostty-org/ghostty,"👻 Ghostty is a fast, feature-rich, and cross-platform terminal emulator that uses platform-native UI and GPU acceleration.",,2022-03-29T17:38:26Z,2026-03-26T03:30:15Z,48728,2136,Zig,2078,4407,1,554
stars_35001_50000,dayjs,iamkun,iamkun/dayjs,https://github.com/iamkun/dayjs,⏰ Day.js 2kB immutable date-time library alternative to Moment.js with the same modern API,time | date | date-formatting | datetime | moment | dayjs,2018-04-10T09:26:44Z,2026-03-16T10:23:14Z,48618,2425,JavaScript,1827,1184,126,354
stars_35001_50000,julia,JuliaLang,JuliaLang/julia,https://github.com/JuliaLang/julia,The Julia Programming Language,julia-language | julia | scientific | hpc | numerical | machine-learning | programming-language | science | hacktoberfest | julialang,2011-04-21T07:01:50Z,2026-03-26T12:24:15Z,48563,5754,Julia,25877,33823,197,1889
stars_35001_50000,RxJava,ReactiveX,ReactiveX/RxJava,https://github.com/ReactiveX/RxJava,RxJava – Reactive Extensions for the JVM – a library for composing asynchronous and event-based programs using observable sequences for the Java VM.,java | rxjava | flow | reactive-streams,2013-01-08T20:11:48Z,2026-03-25T21:56:04Z,48466,7601,Java,3264,4131,257,337
stars_35001_50000,algorithm-visualizer,algorithm-visualizer,algorithm-visualizer/algorithm-visualizer,https://github.com/algorithm-visualizer/algorithm-visualizer,:fireworks:Interactive Online Platform that Visualizes Algorithms from Code,algorithm | data-structure | visualization | animation,2016-05-15T00:27:45Z,2024-06-09T06:54:22Z,48461,7582,JavaScript,124,259,0,31
stars_35001_50000,pandas,pandas-dev,pandas-dev/pandas,https://github.com/pandas-dev/pandas,"Flexible and powerful data analysis / manipulation library for Python, providing labeled data structures similar to R data.frame objects, statistical functions, and much more",data-analysis | pandas | flexible | alignment | python | data-science,2010-08-24T01:37:33Z,2026-03-26T03:09:37Z,48249,19785,Python,28206,36601,118,4169
stars_35001_50000,expo,expo,expo/expo,https://github.com/expo/expo,"An open-source framework for making universal native apps with React. Expo runs on Android, iOS, and the web.",mobile | expo | native | web | universal | react | android | ios | app-framework | web-framework | native-apps | javascript | framework | frontend | react-native | typescript,2016-08-15T17:14:25Z,2026-03-26T11:52:14Z,48242,11529,TypeScript,18282,24488,0,1907
stars_35001_50000,awesome-claude-skills,ComposioHQ,ComposioHQ/awesome-claude-skills,https://github.com/ComposioHQ/awesome-claude-skills,"A curated list of awesome Claude Skills, resources, and tools for customizing Claude AI workflows",claude | claude-code | agent-skills | ai-agents | antigravity | automation | codex | composio | cursor | gemini-cli | mcp | rube | saas | skill | workflow-automation,2025-10-17T07:15:01Z,2026-02-19T06:22:06Z,48069,4946,Python,81,415,0,13
stars_35001_50000,freqtrade,freqtrade,freqtrade/freqtrade,https://github.com/freqtrade/freqtrade,"Free, open source crypto trading bot",python | cryptocurrencies | trading-bot | telegram-bot | bitcoin | trade | cryptocurrency | algorithmic-trading | freqtrade,2017-05-17T23:48:53Z,2026-03-26T06:15:27Z,48054,10013,Python,5575,7310,110,386
stars_35001_50000,moment,moment,moment/moment,https://github.com/moment/moment,"Parse, validate, manipulate, and display dates in javascript.",,2011-03-01T02:46:06Z,2024-08-14T17:12:19Z,48033,7019,JavaScript,4166,2110,0,690
stars_35001_50000,terraform,hashicorp,hashicorp/terraform,https://github.com/hashicorp/terraform,"Terraform enables you to safely and predictably create, change, and improve infrastructure. It is a source-available tool that codifies APIs into declarative configuration files that can be shared amongst team members, treated as code, edited, reviewed, and versioned.",graph | infrastructure-as-code | terraform | cloud | cloud-management,2014-03-13T22:25:48Z,2026-03-25T14:13:02Z,48017,10258,Go,21630,16214,406,2324
stars_35001_50000,llama_index,run-llama,run-llama/llama_index,https://github.com/run-llama/llama_index,LlamaIndex is the leading document agent and OCR platform,agents | application | data | fine-tuning | framework | llamaindex | llm | rag | vector-database | multi-agents,2022-11-02T04:24:54Z,2026-03-26T11:11:40Z,48004,7091,Python,6997,8761,428,1912
stars_35001_50000,open-source-mac-os-apps,serhii-londar,serhii-londar/open-source-mac-os-apps,https://github.com/serhii-londar/open-source-mac-os-apps,🚀 Awesome list of open source applications for macOS. https://t.me/s/opensourcemacosapps,macos | mac | macosx | apps | applications | awesome-list | opensource | open-source | awesome | swift | objective-c | javascript | python | ruby | c | c-plus-plus | macos-application | hacktoberfest,2017-11-03T02:35:33Z,2026-03-25T13:33:13Z,47981,2497,,219,794,0,358
stars_35001_50000,whisper.cpp,ggml-org,ggml-org/whisper.cpp,https://github.com/ggml-org/whisper.cpp,Port of OpenAI's Whisper model in C/C++,openai | speech-to-text | transformer | whisper | inference | speech-recognition,2022-09-25T18:26:37Z,2026-03-21T17:03:01Z,47974,5343,C++,1885,1300,32,779
stars_35001_50000,x64dbg,x64dbg,x64dbg/x64dbg,https://github.com/x64dbg/x64dbg,An open-source user mode debugger for Windows. Optimized for reverse engineering and malware analysis.,debugger | windows | x64 | disassembler | reverse-engineering | security | x86 | x86-64 | malware-analysis | security-tools | binary-analysis | ctf | dynamic-analysis | exploit-development | hacking | oscp | debugging | program-analysis | cybersecurity | offensive-security,2015-04-11T20:48:23Z,2026-03-22T22:41:36Z,47963,2692,C++,2690,968,4,170
stars_35001_50000,Fooocus,lllyasviel,lllyasviel/Fooocus,https://github.com/lllyasviel/Fooocus,Focus on prompting and generating,,2023-08-09T18:43:40Z,2025-12-01T19:17:07Z,47912,7829,Python,1649,717,21,59
stars_35001_50000,type-challenges,type-challenges,type-challenges/type-challenges,https://github.com/type-challenges/type-challenges,Collection of TypeScript type challenges with online judge,typescript | type | type-system | challenges,2020-07-23T14:33:11Z,2026-03-23T20:54:59Z,47871,5234,TypeScript,37078,809,0,242
stars_35001_50000,kubernetes-the-hard-way,kelseyhightower,kelseyhightower/kubernetes-the-hard-way,https://github.com/kelseyhightower/kubernetes-the-hard-way,Bootstrap Kubernetes the hard way. No scripts.,,2016-07-07T14:15:27Z,2025-04-10T06:11:47Z,47836,15587,,438,482,0,61
stars_35001_50000,jadx,skylot,skylot/jadx,https://github.com/skylot/jadx,Dex to Java decompiler,android | dex | java | decompiler,2013-03-18T17:08:21Z,2026-03-24T20:56:16Z,47797,5467,Java,2057,729,34,157
stars_35001_50000,htmx,bigskysoftware,bigskysoftware/htmx,https://github.com/bigskysoftware/htmx,</> htmx - high power tools for HTML,html | javascript | hateoas | rest | htmx | hyperscript,2020-04-13T16:17:51Z,2026-03-20T19:28:19Z,47711,1581,JavaScript,1678,1574,27,454
stars_35001_50000,deer-flow,bytedance,bytedance/deer-flow,https://github.com/bytedance/deer-flow,"An open-source long-horizon SuperAgent harness that researches, codes, and creates. With the help of sandboxes, memories, tools, skill, subagents and message gateway, it handles different levels of tasks that could take minutes to hours.",agent | agentic | agentic-framework | agentic-workflow | ai | ai-agents | deep-research | langchain | langgraph | llm | multi-agent | nodejs | podcast | python | langmanus | typescript | harness | superagent,2025-05-07T02:50:19Z,2026-03-26T09:44:25Z,47667,5677,Python,637,764,0,158
stars_35001_50000,design-patterns-for-humans,kamranahmedse,kamranahmedse/design-patterns-for-humans,https://github.com/kamranahmedse/design-patterns-for-humans,An ultra-simplified explanation to design patterns,design-patterns | architecture | software-engineering | engineering | principles | computer-science,2017-02-16T21:24:39Z,2024-12-02T04:54:48Z,47653,5507,,52,88,0,46
stars_35001_50000,big-list-of-naughty-strings,minimaxir,minimaxir/big-list-of-naughty-strings,https://github.com/minimaxir/big-list-of-naughty-strings,The Big List of Naughty Strings is a list of strings which have a high probability of causing issues when used as user-input data.,,2015-08-08T20:57:20Z,2024-04-18T03:26:59Z,47619,2162,Python,101,163,0,82
stars_35001_50000,gogs,gogs,gogs/gogs,https://github.com/gogs/gogs,Gogs is a painless self-hosted Git service,gogs | go | git | docker | mysql | postgresql | raspberry-pi | self-hosted | sqlite3 | version-control | source-code-management,2014-02-12T01:57:08Z,2026-03-15T19:01:22Z,47602,5068,Go,5185,2521,96,572
stars_35001_50000,Projects,karan,karan/Projects,https://github.com/karan/Projects,:page_with_curl: A list of practical projects that anyone can solve in any programming language.,,2013-07-04T13:37:27Z,2024-08-14T19:06:05Z,47536,10670,,93,145,0,20
stars_35001_50000,awesome-java,akullpp,akullpp/awesome-java,https://github.com/akullpp/awesome-java,"A curated list of awesome frameworks, libraries and software for the Java programming language.",awesome | awesome-list,2014-07-09T10:12:43Z,2026-02-07T10:45:56Z,47406,7649,,140,1036,0,425
stars_35001_50000,chinese-independent-developer,1c7,1c7/chinese-independent-developer,https://github.com/1c7/chinese-independent-developer,👩🏿‍💻👨🏾‍💻👩🏼‍💻👨🏽‍💻👩🏻‍💻中国独立开发者项目列表 -- 分享大家都在做什么,indie | indie-developer | china,2017-09-21T11:08:23Z,2026-03-26T02:11:51Z,47377,4030,,252,496,0,247
stars_35001_50000,OpenCut,OpenCut-app,OpenCut-app/OpenCut,https://github.com/OpenCut-app/OpenCut,The open-source CapCut alternative,editor | oss | videoeditor,2025-06-22T08:02:17Z,2026-03-26T12:55:50Z,47376,4934,TypeScript,275,454,2,95
stars_35001_50000,crewAI,crewAIInc,crewAIInc/crewAI,https://github.com/crewAIInc/crewAI,"Framework for orchestrating role-playing, autonomous AI agents. By fostering collaborative intelligence, CrewAI empowers agents to work together seamlessly, tackling complex tasks.",agents | ai | ai-agents | llms | aiagentframework,2023-10-27T03:26:59Z,2026-03-26T12:30:52Z,47270,6386,Python,1823,2980,154,286
stars_35001_50000,brew,Homebrew,Homebrew/brew,https://github.com/Homebrew/brew,🍺 The missing package manager for macOS (or Linux),homebrew | ruby | macos | package-manager | brew,2016-03-06T05:08:38Z,2026-03-26T05:50:17Z,47223,11035,Ruby,5013,15913,475,1326
stars_35001_50000,awesome-react-components,brillout,brillout/awesome-react-components,https://github.com/brillout/awesome-react-components,Curated List of React Components & Libraries.,react | awesome | awesome-list | react-components | react-component,2016-06-24T15:19:33Z,2026-01-26T16:36:45Z,47138,3746,,58,433,0,285
stars_35001_50000,PythonDataScienceHandbook,jakevdp,jakevdp/PythonDataScienceHandbook,https://github.com/jakevdp/PythonDataScienceHandbook,Python Data Science Handbook: full text in Jupyter Notebooks,scikit-learn | numpy | python | jupyter-notebook | matplotlib | pandas,2016-08-10T14:24:36Z,2024-06-26T19:17:33Z,47126,18794,Jupyter Notebook,208,225,0,17
stars_35001_50000,Pake,tw93,tw93/Pake,https://github.com/tw93/Pake,🤱🏻 Turn any webpage into a desktop app with one command.,rust | tauri | no-electron | chatgpt | youtube | gemini | claude | desktop | hight-performance | linux | macos | package | windows,2022-10-14T09:32:57Z,2026-03-22T00:48:30Z,47020,9300,Rust,481,217,41,60
stars_35001_50000,react,typescript-cheatsheets,typescript-cheatsheets/react,https://github.com/typescript-cheatsheets/react,Cheatsheets for experienced React developers getting started with TypeScript,typescript | cheatsheet | react | guide,2018-06-02T04:08:16Z,2026-02-13T07:17:32Z,47017,4295,JavaScript,224,518,0,208
stars_35001_50000,quill,slab,slab/quill,https://github.com/slab/quill,Quill is a modern WYSIWYG editor built for compatibility and extensibility,editor | rich-text-editor | quill | wysiwyg,2012-07-30T23:23:18Z,2025-07-25T06:09:23Z,46993,3633,TypeScript,3825,811,95,161
stars_35001_50000,plane,makeplane,makeplane/plane,https://github.com/makeplane/plane,"🔥🔥🔥 Open-source Jira, Linear, Monday, and ClickUp alternative. Plane is a modern project management platform to manage tasks, sprints, docs, and triage.",django | docker | kanban | project-management | python | react | jira | jira-alternative | linear | postgresql | redis | issue-tracker | product-management | work-management | vite | boards | bug-tracker | gantt | project-planning | typescipt,2022-11-19T12:55:01Z,2026-03-26T12:44:43Z,46978,3806,TypeScript,1592,7012,54,144
stars_35001_50000,v2ray-core,v2ray,v2ray/v2ray-core,https://github.com/v2ray/v2ray-core,A platform for building proxies to bypass network restrictions.,v2ray | shadowsocks | golang | proxy | socks | socks5 | http-proxy | vmess,2015-09-04T11:42:53Z,2026-03-09T03:22:47Z,46977,8869,Go,2596,636,247,98
stars_35001_50000,serverless,serverless,serverless/serverless,https://github.com/serverless/serverless,"⚡ Serverless Framework – Effortlessly build apps that auto-scale, incur zero costs when idle, and require minimal maintenance using AWS Lambda and other managed cloud services.",serverless | serverless-framework | serverless-architectures | aws-lambda | google-cloud-functions | azure-functions | aws | microservice | aws-dynamodb,2015-04-21T03:48:40Z,2026-03-25T22:03:25Z,46946,5738,JavaScript,6601,5908,480,1233
stars_35001_50000,okhttp,square,square/okhttp,https://github.com/square/okhttp,"Square’s meticulous HTTP client for the JVM, Android, and GraalVM.",java | android | kotlin | graalvm,2012-07-23T13:42:55Z,2026-03-26T12:54:46Z,46921,9281,Kotlin,4255,4950,0,342
stars_35001_50000,pixijs,pixijs,pixijs/pixijs,https://github.com/pixijs/pixijs,"The HTML5 Creation Engine: Create beautiful digital content with the fastest, most flexible 2D WebGL renderer.",canvas2d | pixijs | javascript | webgl | glsl | canvas | rendering | pixi | game | renderer | rendering-engine | rendering-2d-graphics | data-visualization,2013-01-21T22:40:50Z,2026-03-25T18:38:16Z,46816,4990,TypeScript,6087,4799,305,607
stars_35001_50000,ruff,astral-sh,astral-sh/ruff,https://github.com/astral-sh/ruff,"An extremely fast Python linter and code formatter, written in Rust.",linter | pep8 | python | python3 | rust | rustpython | static-analysis | static-code-analysis | style-guide | styleguide | ruff,2022-08-09T17:17:44Z,2026-03-26T13:10:03Z,46706,1961,Rust,7874,15614,404,844
stars_35001_50000,MediaCrawler,NanmiCoder,NanmiCoder/MediaCrawler,https://github.com/NanmiCoder/MediaCrawler,小红书笔记 | 评论爬虫、抖音视频 | 评论爬虫、快手视频 | 评论爬虫、B 站视频 ｜ 评论爬虫、微博帖子 ｜ 评论爬虫、百度贴吧帖子 ｜ 百度贴吧评论回复爬虫  | 知乎问答文章｜评论爬虫,,2023-06-09T12:14:34Z,2026-03-24T01:52:40Z,46680,10043,Python,575,221,0,75
stars_35001_50000,discourse,discourse,discourse/discourse,https://github.com/discourse/discourse,"A platform for community discussion. Free, open, simple.",discourse | javascript | rails | ruby | ember | forum | postgresql,2013-01-12T00:25:55Z,2026-03-26T13:13:49Z,46641,8856,Ruby,0,38326,0,1171
stars_35001_50000,awesome-design-patterns,DovAmir,DovAmir/awesome-design-patterns,https://github.com/DovAmir/awesome-design-patterns,A curated list of software and architecture related design patterns.,awesome | awesome-list | architecture | design-patterns | gof-patterns | microservices | cloud-computing | lists | resources,2018-06-04T17:47:48Z,2024-10-25T19:57:00Z,46578,3216,,16,55,0,30
stars_35001_50000,metabase,metabase,metabase/metabase,https://github.com/metabase/metabase,The easy-to-use open source Business Intelligence and Embedded Analytics tool that lets everyone work with data :bar_chart:,analytics | businessintelligence | dashboard | reporting | slack | clojure | database | metabase | postgres | postgresql | mysql | bi | visualization | data | data-analysis | sql-editor | data-visualization | business-intelligence,2015-02-02T19:25:47Z,2026-03-26T13:10:06Z,46576,6324,Clojure,24563,46793,742,495
stars_35001_50000,ClickHouse,ClickHouse,ClickHouse/ClickHouse,https://github.com/ClickHouse/ClickHouse,ClickHouse® is a real-time analytics database management system,dbms | olap | analytics | sql | big-data | mpp | clickhouse | hacktoberfest | cpp | rust | ai | cloud-native | database | distributed | embedded | lakehouse | self-hosted,2016-06-02T08:28:18Z,2026-03-26T13:13:02Z,46546,8234,C++,27731,72032,752,2801
stars_35001_50000,text-generation-webui,oobabooga,oobabooga/text-generation-webui,https://github.com/oobabooga/text-generation-webui,"The original local LLM interface. Text, vision, tool-calling, training, and more. 100% offline.",,2022-12-21T04:17:37Z,2026-03-25T14:21:28Z,46361,5901,Python,4115,2057,96,388
stars_35001_50000,frontend-dev-bookmarks,dypsilon,dypsilon/frontend-dev-bookmarks,https://github.com/dypsilon/frontend-dev-bookmarks,Manually curated collection of resources for frontend web developers.,frontend | awesome-list | awesome | list,2013-06-22T13:23:55Z,2024-05-21T10:56:58Z,46275,5153,,109,344,1,118
stars_35001_50000,AI-For-Beginners,microsoft,microsoft/AI-For-Beginners,https://github.com/microsoft/AI-For-Beginners,"12 Weeks, 24 Lessons, AI for All!",deep-learning | artificial-intelligence | machine-learning | ai | computer-vision | nlp | cnn | rnn | gan | microsoft-for-beginners,2021-03-03T16:27:36Z,2026-03-21T10:38:25Z,46268,9461,Jupyter Notebook,150,425,0,69
stars_35001_50000,30-Days-Of-JavaScript,Asabeneh,Asabeneh/30-Days-Of-JavaScript,https://github.com/Asabeneh/30-Days-Of-JavaScript,"30 days of JavaScript programming challenge is a step-by-step guide to learn JavaScript programming language in 30 days. This challenge may take more than 100 days,  please just follow your own pace. These videos may help too: https://www.youtube.com/channel/UC7PNRuno1rzYPb1xLa4yktw",30daysofjavascript | javascript-for-everyone | css | html | javascript | react | angular | js | json | node | nodejs | typescript | vue | d3 | d3js | redux | challenge | programming | webdevelopment | website,2019-12-23T14:07:40Z,2025-12-06T11:12:48Z,46203,10446,JavaScript,179,678,0,44
stars_35001_50000,learn-regex,ziishaned,ziishaned/learn-regex,https://github.com/ziishaned/learn-regex,Learn regex the easy way,regex | regular-expression | learn-regex,2017-07-22T12:21:03Z,2025-08-25T23:17:54Z,46155,6210,,87,181,0,112
stars_35001_50000,acme.sh,acmesh-official,acmesh-official/acme.sh,https://github.com/acmesh-official/acme.sh,A pure Unix shell script ACME client for SSL / TLS certificate automation,acme | acme-protocol | certbot | shell | ash | bash | posix | posix-sh | zerossl | buypass | acme-v2 | ssl | ssl-certificate | ssl-certificates | tls | tls-certificate | lets-encrypt | acme-challenge,2015-12-26T12:56:33Z,2026-03-22T03:40:44Z,46102,5549,Shell,3539,2390,46,712
stars_35001_50000,tldraw,tldraw,tldraw/tldraw,https://github.com/tldraw/tldraw,very good whiteboard infinite canvas SDK,drawing | sketch | whiteboard | canvas | diagram | infinite | react | collaboration | design | multiplayer | sync | sdk,2021-05-09T11:48:37Z,2026-03-26T12:11:35Z,46052,3098,TypeScript,2201,5426,107,216
stars_35001_50000,monaco-editor,microsoft,microsoft/monaco-editor,https://github.com/microsoft/monaco-editor,A browser based code editor,monaco-editor | vscode | editor | browser | typescript,2016-06-07T16:56:31Z,2026-03-25T22:43:13Z,45822,4012,JavaScript,3974,813,187,325
stars_35001_50000,GitHubDaily,GitHubDaily,GitHubDaily/GitHubDaily,https://github.com/GitHubDaily/GitHubDaily,"坚持分享 GitHub 上高质量、有趣实用的开源技术教程、开发者工具、编程网站、技术资讯。A list cool, interesting projects of GitHub.",github | open-source | ai | java | python | web | javascript | frontend | backend | developer-tools | tutorials | algorithms-and-data-structures | markdown | linux | development | kubernetes,2018-12-30T13:56:58Z,2025-12-31T18:59:20Z,45786,4587,,728,24,0,6
stars_35001_50000,nvm-windows,coreybutler,coreybutler/nvm-windows,https://github.com/coreybutler/nvm-windows,A node.js version management utility for Windows. Ironically written in Go.,node | versioning | management | version-manager | windows | nodejs | version | nvm | go | switch | node-version-manager,2014-09-20T16:37:28Z,2026-03-08T05:10:07Z,45672,3777,Go,951,217,23,89
stars_35001_50000,architecture-samples,android,android/architecture-samples,https://github.com/android/architecture-samples,A collection of samples to discuss and showcase different architectural tools and patterns for Android apps.,android-architecture | android | samples,2016-02-05T13:42:07Z,2026-03-25T21:15:52Z,45617,11874,Kotlin,492,510,0,69
stars_35001_50000,prisma,prisma,prisma/prisma,https://github.com/prisma/prisma,"Next-generation ORM for Node.js & TypeScript | PostgreSQL, MySQL, MariaDB, SQL Server, SQLite, MongoDB and CockroachDB",prisma | orm | database | typescript | javascript | nodejs | mariadb | mysql | postgresql | sqlserver | sql-server | mssql | sqlite | mongodb | mongo | prisma-client | mongodb-orm | postgres | cockroachdb | query-builder,2019-06-20T13:33:47Z,2026-03-26T13:03:14Z,45594,2123,TypeScript,11862,9853,243,361
stars_35001_50000,JeecgBoot,jeecgboot,jeecgboot/JeecgBoot,https://github.com/jeecgboot/JeecgBoot,"一款 AI 驱动的低代码平台，提供""零代码""与""代码生成""双模式——零代码模式一句话搭建系统，代码生成模式自动输出前后端代码与建表 SQL，生成即可运行。平台内置 AI 聊天助手、AI大模型、知识库、AI流程编排、MCP 与插件体系，兼容主流大模型，支持一句话生成流程图、设计表单、聊天式业务操作，解决 Java 项目 80% 重复工作，高效且不失灵活。",antd | activiti | codegenerator | springcloud | springboot | low-code | vue3 | flowable | langchain4j | springboot3 | spring-ai | mybatis-plus | agent | aiflow | deepseek | llm | ai | mcp | rag | skills,2018-11-26T10:40:00Z,2026-03-25T22:32:59Z,45575,15850,Java,8219,463,70,36
stars_35001_50000,awesome-cheatsheets,LeCoupa,LeCoupa/awesome-cheatsheets,https://github.com/LeCoupa/awesome-cheatsheets,"👩‍💻👨‍💻 Awesome cheatsheets for popular programming languages, frameworks and development tools. They include everything you should know in one single file.",cheatsheets | javascript | bash | nodejs | cheatsheet | database | language | frontend | backend | feathersjs | redis | vuejs | vim | django | programming-language | xcode | php | docker | kubernetes | sailsjs,2017-11-09T02:47:15Z,2026-02-20T08:42:26Z,45542,6671,JavaScript,102,331,0,147
stars_35001_50000,jest,jestjs,jestjs/jest,https://github.com/jestjs/jest,Delightful JavaScript Testing.,javascript | testing | painless-javascript-testing | facebook | immersive | painless | expectation | easy | snapshot,2013-12-10T00:18:04Z,2026-03-26T09:00:27Z,45329,6642,TypeScript,8183,7683,214,1730
stars_35001_50000,AdminLTE,ColorlibHQ,ColorlibHQ/AdminLTE,https://github.com/ColorlibHQ/AdminLTE,AdminLTE - Free admin dashboard template based on Bootstrap 5,bootstrap | admin-dashboard | admin | admin-template | admin-panel | admin-dashboard-template | admin-dashboard-ui | admin-ui | css | dashboard | dashboard-template | dashboard-templates | dashboards | html | bootstrap-admin-panel,2013-12-25T02:52:40Z,2026-03-25T21:59:54Z,45323,18266,CSS,2908,2833,78,121
stars_35001_50000,zx,google,google/zx,https://github.com/google/zx,A tool for writing better scripts,javascript | nodejs | shell | bash | cli | child-process | exec | pipe | spawn,2021-05-05T05:50:01Z,2026-03-26T00:32:36Z,45307,1224,JavaScript,514,784,100,72
stars_35001_50000,bevy,bevyengine,bevyengine/bevy,https://github.com/bevyengine/bevy,A refreshingly simple data-driven game engine built in Rust,bevy | gamedev | game-engine | open-source | rust | game-development,2020-01-18T21:13:55Z,2026-03-26T04:43:20Z,45291,4470,Rust,8073,13457,53,1527
stars_35001_50000,spotube,KRTirtho,KRTirtho/spotube,https://github.com/KRTirtho/spotube,🎧 Open source music streaming app! Available for both desktop & mobile!,youtube | desktop-client | music-player | music | flutter | flutter-desktop | windows | linux | macos | android | android-client | fdroid | android-music-player,2021-02-14T03:17:58Z,2026-03-15T02:52:43Z,45212,2023,Dart,2037,411,43,91
stars_35001_50000,legado,gedoor,gedoor/legado,https://github.com/gedoor/legado,"Legado 3.0 Book Reader with powerful controls & full functions❤️阅读3.0, 阅读是一款可以自定义来源阅读网络内容的工具，为广大网络文学爱好者提供一种方便、快捷舒适的试读体验。",,2019-05-22T04:18:58Z,2026-03-17T11:01:41Z,45193,5070,Kotlin,3214,1665,115,75
stars_35001_50000,slidev,slidevjs,slidevjs/slidev,https://github.com/slidevjs/slidev,Presentation Slides for Developers,slides | presentation | vite | vueuse | vue | markdown,2021-04-24T01:25:23Z,2026-03-25T13:56:56Z,45156,1977,TypeScript,1305,934,419,343
stars_35001_50000,penpot,penpot,penpot/penpot,https://github.com/penpot/penpot,Penpot: The open-source design tool for design and code collaboration,ux-design | ux-experience | prototyping | clojure | clojurescript | ui | design,2015-12-29T22:09:07Z,2026-03-26T13:13:40Z,45038,2626,Clojure,2204,6296,70,274
stars_35001_50000,Rocket.Chat,RocketChat,RocketChat/Rocket.Chat,https://github.com/RocketChat/Rocket.Chat,The Secure CommsOS™ for mission-critical operations,chat | meteor | javascript | collaboration | webrtc | real-time | slack | foss | free | mit | hacktoberfest,2015-05-19T07:36:09Z,2026-03-26T02:03:17Z,45017,13454,TypeScript,16900,21474,1000,1088
stars_35001_50000,TTS,coqui-ai,coqui-ai/TTS,https://github.com/coqui-ai/TTS,"🐸💬 - a deep learning toolkit for Text-to-Speech, battle-tested in research and production",python | text-to-speech | deep-learning | speech | pytorch | tts | vocoder | tacotron | glow-tts | melgan | speaker-encoder | hifigan | speaker-encodings | multi-speaker-tts | tts-model | speech-synthesis | voice-cloning | voice-synthesis | voice-conversion,2020-05-20T15:45:28Z,2024-08-16T12:07:14Z,44915,6015,Python,1232,784,98,166
stars_35001_50000,CppCoreGuidelines,isocpp,isocpp/CppCoreGuidelines,https://github.com/isocpp/CppCoreGuidelines,"The C++ Core Guidelines are a set of tried-and-true guidelines, rules, and best practices about coding in C++",,2015-08-19T20:22:52Z,2026-03-12T16:09:18Z,44866,5546,CSS,1230,1070,4,379
stars_35001_50000,airflow,apache,apache/airflow,https://github.com/apache/airflow,"Apache Airflow - A platform to programmatically author, schedule, and monitor workflows",airflow | apache | apache-airflow | python | scheduler | workflow | automation | dag | data-engineering | data-integration | data-orchestrator | data-pipelines | data-science | elt | etl | machine-learning | mlops | orchestration | workflow-engine | workflow-orchestration,2015-04-13T18:04:58Z,2026-03-26T13:02:57Z,44791,16770,Python,14090,44565,117,4241
stars_35001_50000,meteor,meteor,meteor/meteor,https://github.com/meteor/meteor,"Meteor, the JavaScript App Platform",javascript | meteor | mongodb | build-system | npm | framework | zero-configuration | reactive-programming | nodejs | realtime | rpc | react | hacktoberfest,2012-01-19T01:58:17Z,2026-03-26T12:47:38Z,44784,5266,JavaScript,9261,4694,0,970
stars_35001_50000,Leaflet,Leaflet,Leaflet/Leaflet,https://github.com/Leaflet/Leaflet,🍃 JavaScript library for mobile-friendly interactive maps 🇺🇦,javascript | leaflet | maps,2010-09-22T16:57:44Z,2026-03-25T22:04:00Z,44724,6103,JavaScript,5344,4570,34,1020
stars_35001_50000,hyper,vercel,vercel/hyper,https://github.com/vercel/hyper,A terminal built on web technologies,terminal | javascript | html | css | react | terminal-emulators | hyper | macos | linux,2016-07-01T06:01:21Z,2024-08-14T03:32:57Z,44714,3550,TypeScript,3821,4151,88,287
stars_35001_50000,react-hook-form,react-hook-form,react-hook-form/react-hook-form,https://github.com/react-hook-form/react-hook-form,📋 React Hooks for form state management and validation (Web + React Native),typescript | react-hooks | forms | validation | react-native | form-builder | dx | ux | reactjs,2019-03-05T23:47:10Z,2026-03-25T20:58:03Z,44628,2377,TypeScript,4936,2743,601,386
stars_35001_50000,awesome-compose,docker,docker/awesome-compose,https://github.com/docker/awesome-compose,Awesome Docker Compose samples,awesome-list | awesome | docker-compose,2020-02-13T08:51:42Z,2026-03-26T00:05:56Z,44554,8091,HTML,143,543,0,63
stars_35001_50000,grpc,grpc,grpc/grpc,https://github.com/grpc/grpc,"C++ based gRPC (C++, Python, Ruby, Objective-C, PHP, C#)",,2014-12-08T18:58:53Z,2026-03-26T08:54:09Z,44549,11097,C++,11928,29725,365,1145
stars_35001_50000,pyenv,pyenv,pyenv/pyenv,https://github.com/pyenv/pyenv,Simple Python version management,python | shell,2012-08-31T06:57:52Z,2026-03-24T06:05:34Z,44493,3245,Shell,1885,1268,151,473
stars_35001_50000,LocalAI,mudler,mudler/LocalAI,https://github.com/mudler/LocalAI,"LocalAI is the open-source AI engine. Run any model - LLMs, vision, voice, image, video - on any hardware. No GPU required.",llama | ai | llm | stable-diffusion | api | tts | musicgen | mamba | audio-generation | image-generation | text-generation | rerank | distributed | libp2p | decentralized | object-detection | mcp | agents,2023-03-18T22:58:02Z,2026-03-26T09:44:38Z,44422,3796,Go,1314,7421,98,179
stars_35001_50000,reactjs-interview-questions,sudheerj,sudheerj/reactjs-interview-questions,https://github.com/sudheerj/reactjs-interview-questions,List of top 500 ReactJS Interview Questions & Answers....Coding exercise questions are coming soon!!,reactjs | react-router | redux | javascript | javascript-framework | react-native | interview-questions | interview-preparation | react | react-interview-questions | javascript-interview-questions | react16 | javascript-applications,2018-05-31T17:17:01Z,2026-03-13T13:32:45Z,44400,10302,JavaScript,113,271,0,127
stars_35001_50000,awesome-remote-job,lukasz-madon,lukasz-madon/awesome-remote-job,https://github.com/lukasz-madon/awesome-remote-job,A curated list of awesome remote jobs and resources. Inspired by https://github.com/vinta/awesome-python,awesome-list | awesome | list,2015-01-02T00:31:34Z,2026-01-12T01:29:57Z,44259,4508,,89,908,0,463
stars_35001_50000,iina,iina,iina/iina,https://github.com/iina/iina,The modern video player for macOS.,macos | video-player | swift | video | mpv | hacktoberfest,2016-12-19T07:18:45Z,2026-03-11T01:20:22Z,44209,2780,Swift,4389,1334,47,157
stars_35001_50000,worldmonitor,koala73,koala73/worldmonitor,https://github.com/koala73/worldmonitor,"Real-time global intelligence dashboard — AI-powered news aggregation, geopolitical monitoring, and infrastructure tracking in a unified situational awareness interface",ai | dashboard | geopolitics | monitoring | news | osint | opensource | palantir | situation,2026-01-08T17:26:06Z,2026-03-26T12:54:32Z,44208,7166,TypeScript,314,1891,43,70
stars_35001_50000,build-web-application-with-golang,astaxie,astaxie/build-web-application-with-golang,https://github.com/astaxie/build-web-application-with-golang,A golang ebook intro how to build a web with golang,,2012-08-02T11:49:35Z,2024-05-12T00:47:46Z,44156,10527,Go,307,901,0,415
stars_35001_50000,EasySpider,NaiboWang,NaiboWang/EasySpider,https://github.com/NaiboWang/EasySpider,A visual no-code/code-free web crawler/spider易采集：一个可视化浏览器自动化测试/数据采集/爬虫软件，可以无代码图形化的设计和执行爬虫任务。别名：ServiceWrapper面向Web应用的智能化服务封装系统。,code-free | crawler | gui | layman | spider | parameters | web | www | input-parameters | frontend | html | batch-processing | batch-script | visual | visualization | visualprogramming | scraper | data-collection | rpa | robotics,2020-07-18T02:41:27Z,2026-03-18T06:47:13Z,44154,5385,JavaScript,760,75,10,16
stars_35001_50000,upscayl,upscayl,upscayl/upscayl,https://github.com/upscayl/upscayl,"🆙 Upscayl - #1 Free and Open Source AI Image Upscaler for Linux, MacOS and Windows.",ai | esrgan | image | upscale | electron | gigapixel | gigapixel-images | image-upscaling | topaz | upscalerimage | upscayl,2022-07-30T17:19:20Z,2026-03-07T14:38:23Z,44144,2136,TypeScript,1044,0,29,49
stars_35001_50000,Mole,tw93,tw93/Mole,https://github.com/tw93/Mole,🐹 Deep clean and optimize your Mac.,clean | cleaner | cleaner-script | macos | cleaner-cli | mac | shell | analyzer | appcleaner | daisydisk | istat | optimize | sensei | uninstall | command-line,2025-09-23T06:38:40Z,2026-03-24T02:39:44Z,44069,1287,Shell,405,220,31,68
stars_35001_50000,parcel,parcel-bundler,parcel-bundler/parcel,https://github.com/parcel-bundler/parcel,The zero configuration build tool for the web. 📦🚀,module-bundler | build-tool | javascript | css | html | assets | web | compiler | commonjs | es6 | modules,2017-08-07T16:36:47Z,2026-03-15T19:24:16Z,44055,2277,JavaScript,5522,3409,52,433
stars_35001_50000,streamlit,streamlit,streamlit/streamlit,https://github.com/streamlit/streamlit,Streamlit — A faster way to build and share data apps.,python | machine-learning | data-science | deep-learning | data-visualization | streamlit | data-analysis | developer-tools,2019-08-24T00:14:52Z,2026-03-26T11:47:44Z,44028,4164,Python,5818,8591,116,320
stars_35001_50000,react-use,streamich,streamich/react-use,https://github.com/streamich/react-use,React Hooks — 👍,,2018-10-27T10:16:05Z,2026-01-20T12:19:23Z,43959,3276,TypeScript,609,2086,256,197
stars_35001_50000,minimind,jingyaogong,jingyaogong/minimind,https://github.com/jingyaogong/minimind,🚀🚀 「大模型」2小时完全从0训练64M的小参数GPT！🌏 Train a 64M-parameter GPT from scratch in just 2h!,artificial-intelligence | large-language-model,2024-07-27T04:34:12Z,2026-03-26T07:35:51Z,43946,5274,Python,568,79,2,9
stars_35001_50000,Summer2026-Internships,SimplifyJobs,SimplifyJobs/Summer2026-Internships,https://github.com/SimplifyJobs/Summer2026-Internships,Collection of Summer 2026 tech internships!,interview-preparation | internships | jobs | university,2020-05-23T20:53:18Z,2026-03-26T13:01:28Z,43936,3169,Python,7346,1962,0,892
stars_35001_50000,front-end-interview-handbook,yangshun,yangshun/front-end-interview-handbook,https://github.com/yangshun/front-end-interview-handbook,Front End interview preparation materials for busy engineers (updated for 2026),front-end | interview-questions | html | javascript | css | web-development | css-questions | js-questions | html-questions | interview-test | front-end-development | front-end-interview | interview | interview-preparation | front-end-system-design,2018-01-13T19:40:08Z,2026-03-22T08:09:10Z,43914,5948,MDX,102,406,0,209
stars_35001_50000,babel,babel,babel/babel,https://github.com/babel/babel,🐠 Babel is a compiler for writing next generation JavaScript.,babel | javascript | ast | compiler | flavortown | es6 | es2015,2014-09-28T13:38:23Z,2026-03-25T15:42:05Z,43910,5819,TypeScript,9063,7980,454,1248
stars_35001_50000,retrofit,square,square/retrofit,https://github.com/square/retrofit,A type-safe HTTP client for Android and the JVM,java | android,2010-09-06T21:39:43Z,2026-03-20T18:39:48Z,43908,7360,HTML,2769,1791,4,208
stars_35001_50000,jsoncrack.com,AykutSarac,AykutSarac/jsoncrack.com,https://github.com/AykutSarac/jsoncrack.com,"✨ Innovative and open-source visualization application that transforms various data formats, such as JSON, YAML, XML and CSV into interactive graphs.",json | tool | react | visualization | graph | nextjs | diagrams | csv | yaml,2022-01-30T15:25:18Z,2026-03-23T15:18:33Z,43798,3532,TypeScript,283,223,23,40
stars_35001_50000,TensorFlow-Examples,aymericdamien,aymericdamien/TensorFlow-Examples,https://github.com/aymericdamien/TensorFlow-Examples,TensorFlow Tutorial and Examples for Beginners (support TF v1 & v2),tensorflow | tutorial | examples | deep-learning | python | machine-learning,2015-11-11T14:21:19Z,2024-07-26T19:46:13Z,43788,14781,Jupyter Notebook,238,174,0,72
stars_35001_50000,copyparty,9001,9001/copyparty,https://github.com/9001/copyparty,"Portable file server with accelerated resumable uploads, dedup, WebDAV, SFTP, FTP, TFTP, zeroconf, media indexer, thumbnails++ all in one file",nas-frontend | file-sharing | file-server | file-upload-server | webdav-server | ftp-server | copyparty | tftp-server,2019-05-26T15:28:33Z,2026-03-25T04:08:35Z,43757,1786,Python,883,249,339,107
stars_35001_50000,oh-my-openagent,code-yeongyu,code-yeongyu/oh-my-openagent,https://github.com/code-yeongyu/oh-my-openagent,omo; the best agent harness - previously oh-my-opencode,claude-code | opencode | ai | amp | anthropic | claude | claude-skills | cursor | gemini | ide | openai | orchestration | tui | typescript | ai-agents | chatgpt,2025-12-03T01:40:05Z,2026-03-26T10:54:06Z,43727,3241,TypeScript,1374,1416,156,182
stars_35001_50000,helix,helix-editor,helix-editor/helix,https://github.com/helix-editor/helix,A post-modern modal text editor.,text-editor | vim | rust | kakoune,2020-06-01T04:26:56Z,2026-03-25T06:03:15Z,43645,3378,Rust,5770,6528,30,1355
stars_35001_50000,TrafficMonitor,zhongyang219,zhongyang219/TrafficMonitor,https://github.com/zhongyang219/TrafficMonitor,这是一个用于显示当前网速、CPU及内存利用率的桌面悬浮窗软件，并支持任务栏显示，支持更换皮肤。,,2017-07-30T02:51:17Z,2026-02-12T13:01:25Z,43623,3622,C++,1983,111,26,48
stars_35001_50000,tmux,tmux,tmux/tmux,https://github.com/tmux/tmux,tmux source code,,2015-06-03T23:32:55Z,2026-03-26T08:46:31Z,43590,2513,C,3912,870,39,41
stars_35001_50000,cobra,spf13,spf13/cobra,https://github.com/spf13/cobra,A Commander for modern Go CLI interactions,cobra | cobra-library | cobra-generator | posix-compliant-flags | command-cobra | cli-app | command-line | commandline | command | cli | go | golang | golang-library | golang-application | subcommands | posix,2013-09-03T20:40:26Z,2025-12-10T02:18:50Z,43534,3091,Go,1239,1116,27,326
stars_35001_50000,milvus,milvus-io,milvus-io/milvus,https://github.com/milvus-io/milvus,"Milvus is a high-performance, cloud-native vector database built for scalable vector ANN search",anns | nearest-neighbor-search | faiss | vector-search | image-search | hnsw | vector-database | embedding-database | embedding-store | vector-store | vector-similarity | embedding-similarity | distributed | golang | llm | cloud-native | diskann | rag,2019-09-16T06:43:43Z,2026-03-26T11:51:32Z,43484,3913,Go,15341,29475,156,352
stars_35001_50000,sentry,getsentry,getsentry/sentry,https://github.com/getsentry/sentry,Developer-first error tracking and performance monitoring,crash-reporting | crash-reports | error-monitoring | monitoring | devops | csp-report | django | error-logging | sentry | python | monitor | apm | hacktoberfest | tag-production | fair-source,2010-08-30T22:06:41Z,2026-03-26T13:00:43Z,43448,4640,Python,16809,93255,165,1030
stars_35001_50000,cli,cli,cli/cli,https://github.com/cli/cli,GitHub’s official command line tool,github-api-v4 | cli | git | golang,2019-10-03T15:24:53Z,2026-03-26T13:09:47Z,43382,8160,Go,5855,3968,191,650
stars_35001_50000,fuels-rs,FuelLabs,FuelLabs/fuels-rs,https://github.com/FuelLabs/fuels-rs,Fuel Network Rust SDK,,2021-10-31T22:33:54Z,2026-03-12T20:54:19Z,43343,1359,Rust,663,1033,120,55
stars_35001_50000,fuels-ts,FuelLabs,FuelLabs/fuels-ts,https://github.com/FuelLabs/fuels-ts,Fuel Network Typescript SDK,fuel | typescript,2021-09-03T18:11:03Z,2026-02-01T19:26:39Z,43299,1367,TypeScript,1457,2464,156,63
stars_35001_50000,MiroFish,666ghj,666ghj/MiroFish,https://github.com/666ghj/MiroFish,"A Simple and Universal Swarm Intelligence Engine, Predicting Anything. 简洁通用的群体智能引擎，预测万物",agent-memory | financial-forecasting | future-prediction | knowledge-graph | llms | multi-agent-simulation | public-opinion-analysis | python3 | social-prediction | swarm-intelligence,2025-11-26T04:23:02Z,2026-03-20T02:58:01Z,43208,5965,Python,195,136,3,2
stars_35001_50000,kong,Kong,Kong/kong,https://github.com/Kong/kong,🦍 The API and AI Gateway,api-gateway | microservices | api-management | serverless | apis | reverse-proxy | cloud-native | microservice | devops | kubernetes | kubernetes-ingress-controller | kubernetes-ingress | ai | artificial-intelligence | ai-gateway | llm-gateway | openai-proxy | llm-ops | mcp | mcp-gateway,2014-11-17T23:56:08Z,2026-03-10T03:46:08Z,43047,5102,Lua,4592,8766,145,448
stars_35001_50000,spark,apache,apache/spark,https://github.com/apache/spark,Apache Spark - A unified analytics engine for large-scale data processing,python | scala | r | java | big-data | jdbc | sql | spark,2014-02-25T08:00:08Z,2026-03-26T08:32:33Z,43042,29136,Scala,25,54963,0,3405
stars_35001_50000,exo,exo-explore,exo-explore/exo,https://github.com/exo-explore/exo,Run frontier AI locally.,,2024-06-24T18:36:22Z,2026-03-26T11:35:24Z,43012,2969,Python,776,1007,13,96
stars_35001_50000,CPlusPlusThings,Light-City,Light-City/CPlusPlusThings,https://github.com/Light-City/CPlusPlusThings,C++那些事,cplusplus | cpp | cpp11 | cpp14,2019-07-14T08:45:45Z,2026-03-12T15:48:05Z,43011,8827,C++,230,127,0,52
stars_35001_50000,pm2,Unitech,Unitech/pm2,https://github.com/Unitech/pm2,Node.js Production Process Manager with a built-in Load Balancer.,pm2 | nodejs | node | process-manager | monitoring | load-balancer | production | deploy | command-line | command-line-tool,2013-05-21T03:25:25Z,2026-02-08T16:20:40Z,43009,2697,JavaScript,5123,948,134,331
stars_35001_50000,RSSHub,DIYgod,DIYgod/RSSHub,https://github.com/DIYgod/RSSHub,🧡 Everything is RSSible,rss | twitter | weibo | bilibili | wechat | zhihu | pixiv | dribbble | instagram | youtube | douban | v2ex | telegram | spotify | tiktok | lofter | rsshub | ximalaya,2018-04-02T14:43:21Z,2026-03-26T10:41:36Z,42998,9486,TypeScript,6332,14894,0,1646
stars_35001_50000,what-happens-when,alex,alex/what-happens-when,https://github.com/alex/what-happens-when,"An attempt to answer the age old interview question ""What happens when you type google.com into your browser and press enter?""",,2013-11-07T04:30:06Z,2024-08-19T13:02:25Z,42929,5730,,296,2209,0,81
stars_35001_50000,pandoc,jgm,jgm/pandoc,https://github.com/jgm/pandoc,Universal markup converter,pandoc | haskell | markdown | markup | converter | publishing | document | presentation | commonmark,2010-03-20T20:34:23Z,2026-03-24T11:08:42Z,42894,3794,Haskell,8205,2288,155,625
stars_35001_50000,zig,ziglang,ziglang/zig,https://github.com/ziglang/zig,Moved to Codeberg,compiler | zig | language,2015-08-06T00:51:28Z,2025-11-27T01:42:59Z,42839,3076,Zig,13518,12266,21,1333
stars_35001_50000,fanqiang,bannedbook,bannedbook/fanqiang,https://github.com/bannedbook/fanqiang,翻墙-科学上网,ssr | v2ray | shadowsocks | fanqiang | proxy | goflyway | daze | brook | lightsocks | trojan | psiphon,2015-01-14T00:34:25Z,2026-02-07T13:56:12Z,42812,7640,Kotlin,814,14,3,3
stars_35001_50000,mitmproxy,mitmproxy,mitmproxy/mitmproxy,https://github.com/mitmproxy/mitmproxy,An interactive TLS-capable intercepting HTTP proxy for penetration testers and software developers.,python | security | man-in-the-middle | tls | ssl | http | http2 | websocket | proxy | debugging | mitmproxy,2010-02-16T04:10:13Z,2026-03-24T06:18:51Z,42802,4495,Python,3645,3402,79,594
stars_35001_50000,python-patterns,faif,faif/python-patterns,https://github.com/faif/python-patterns,A collection of design patterns/idioms in Python,python | idioms | design-patterns,2012-06-06T21:02:35Z,2026-03-13T17:04:16Z,42802,7043,Python,97,361,0,150
stars_35001_50000,RuView,ruvnet,ruvnet/RuView,https://github.com/ruvnet/RuView,"π RuView: WiFi DensePose turns commodity WiFi signals into real-time human pose estimation, vital sign monitoring, and presence detection — all without a single pixel of video. ",densepose | wifi | esp32 | mcu | monitoring | rf | wifi-hacking | wifi-security | agentic-ai | mincut | self | self-learning | firmware | pose-estimation,2025-06-07T04:32:30Z,2026-03-26T12:26:40Z,42793,5810,Rust,153,103,15,8
stars_35001_50000,Umi-OCR,hiroi-sora,hiroi-sora/Umi-OCR,https://github.com/hiroi-sora/Umi-OCR,"OCR software, free and offline. 开源、免费的离线OCR软件。支持截屏/批量导入图片，PDF文档识别，排除水印/页眉页脚，扫描/生成二维码。内置多国语言库。",paddleocr | ocr | ocr-python | umi-ocr | qml | qt | screenshot,2022-03-28T04:01:46Z,2025-11-20T14:58:13Z,42785,4228,Python,845,69,31,17
stars_35001_50000,Win11Debloat,Raphire,Raphire/Win11Debloat,https://github.com/Raphire/Win11Debloat,"A simple, lightweight PowerShell script that allows you to remove pre-installed apps, disable telemetry, as well as perform various other changes to declutter and customize your Windows experience. Win11Debloat works for both Windows 10 and Windows 11.",windows | windows-10 | windows10 | powershell | ps1 | bloatware | bloatware-removal | debloat | powershell-script | windows11 | windows-11 | interactive | tweaks | registry-tweaks | cleanup | optimize | debloater | automated | privacy | cli,2020-10-27T22:26:59Z,2026-03-23T22:33:22Z,42737,1695,PowerShell,293,108,26,22
stars_35001_50000,Files,files-community,files-community/Files,https://github.com/files-community/Files,A modern file manager that helps users organize their files and folders.,fluent-design | xaml | file-manager | winui | files | windows | csharp | windows-10 | windows-11 | fluent | good-first-issue | dotnet | developer-tools | utilities | alternatives | productivity | power-user | winappsdk | customization | git,2019-01-04T18:19:14Z,2026-03-26T04:20:32Z,42691,2655,C#,11108,6620,132,319
stars_35001_50000,chatgpt-on-wechat,zhayujie,zhayujie/chatgpt-on-wechat,https://github.com/zhayujie/chatgpt-on-wechat,CowAgent是基于大模型的超级AI助理，能主动思考和任务规划、访问操作系统和外部资源、创造和执行Skills、拥有长期记忆并不断成长，比OpenClaw更轻量和便捷。同时支持微信、飞书、钉钉、企微、QQ、公众号、网页等接入，可选择OpenAI/Claude/Gemini/DeepSeek/ Qwen/GLM/Kimi/LinkAI，能处理文本、语音、图片和文件，可快速搭建个人AI助理和企业数字员工。,chatgpt | wechat | openai | python3 | feishu-bot | linkai | ai | llm | qwen | gemini | dingtalk | kimi | ai-agent | deepseek | multi-agent | mcp | skills | claude | openclaw | weixin,2022-08-07T08:33:41Z,2026-03-26T10:14:05Z,42564,9863,Python,2043,519,68,104
stars_35001_50000,git-flight-rules,k88hudson,k88hudson/git-flight-rules,https://github.com/k88hudson/git-flight-rules,Flight rules for git,,2014-07-22T20:35:09Z,2025-10-27T01:17:31Z,42477,3188,,73,293,0,131
stars_35001_50000,system-design,karanpratapsingh,karanpratapsingh/system-design,https://github.com/karanpratapsingh/system-design,Learn how to design systems at scale and prepare for system design interviews,architecture | distributed-systems | system-design | system-design-interview | interview | tech | engineering | interview-preparation | scalability | microservices,2022-08-15T18:59:54Z,2025-12-15T00:13:31Z,42422,5398,,23,39,0,10
stars_35001_50000,aider,Aider-AI,Aider-AI/aider,https://github.com/Aider-AI/aider,aider is AI pair programming in your terminal,chatgpt | cli | command-line | gpt-4 | openai | gpt-3 | gpt-35-turbo | claude-3 | gpt-4o | anthropic | gemini | llama | sonnet,2023-05-09T18:57:49Z,2026-03-17T01:21:34Z,42398,4071,Python,4013,904,93,180
stars_35001_50000,cherry-studio,CherryHQ,CherryHQ/cherry-studio,https://github.com/CherryHQ/cherry-studio,"AI productivity studio with smart chat, autonomous agents, and 300+ assistants. Unified access to frontier LLMs",claude-code | ai-agent | opencode | skills | codex | vibe-coding | openclaw | open-cli | agency-agents | superpowers,2024-05-24T01:56:26Z,2026-03-26T12:28:14Z,42369,3962,TypeScript,8954,4111,251,362
stars_35001_50000,Alamofire,Alamofire,Alamofire/Alamofire,https://github.com/Alamofire/Alamofire,Elegant HTTP Networking in Swift,networking | urlsession | urlrequest | httpurlresponse | request | response | swift | xcode | certificate-pinning | public-key-pinning | parameter-encoding | alamofire | cocoapods | carthage | swift-package-manager,2014-07-31T05:56:19Z,2026-03-24T02:06:45Z,42365,7656,Swift,2814,1155,104,284
stars_35001_50000,BMAD-METHOD,bmad-code-org,bmad-code-org/BMAD-METHOD,https://github.com/bmad-code-org/BMAD-METHOD,Breakthrough Method for Agile Ai Driven Development,,2025-04-13T14:54:25Z,2026-03-26T04:54:32Z,42364,5106,JavaScript,890,922,28,127
stars_35001_50000,get-shit-done,gsd-build,gsd-build/get-shit-done,https://github.com/gsd-build/get-shit-done,"A light-weight and powerful meta-prompting, context engineering and spec-driven development system for Claude Code by TÂCHES.",claude-code | context-engineering | meta-prompting | spec-driven-development,2025-12-14T14:17:12Z,2026-03-25T23:25:37Z,42293,3420,JavaScript,650,678,40,93
stars_35001_50000,full-stack-fastapi-template,fastapi,fastapi/full-stack-fastapi-template,https://github.com/fastapi/full-stack-fastapi-template,"Full stack, modern web application template. Using FastAPI, React, SQLModel, PostgreSQL, Docker, GitHub Actions, automatic HTTPS and more.",python | json | json-schema | docker | postgresql | frontend | backend | fastapi | traefik | letsencrypt | swagger | jwt | openapi | chakra-ui | react | tanstack-query | tanstack-router | typescript | sqlmodel,2019-02-23T15:08:34Z,2026-03-21T10:14:11Z,42280,8262,TypeScript,437,1208,12,78
stars_35001_50000,bruno,usebruno,usebruno/bruno,https://github.com/usebruno/bruno,Opensource IDE For Exploring and Testing API's (lightweight alternative to Postman/Insomnia),api-client | git | graphql-client | opensource | automation | javascript | testing | api-testing | developer-tools | http-client | openapi | openapi3 | rest-api | testing-tools,2022-09-27T20:51:45Z,2026-03-26T09:26:43Z,42245,2242,JavaScript,3984,3125,161,440
stars_35001_50000,zod,colinhacks,colinhacks/zod,https://github.com/colinhacks/zod,TypeScript-first schema validation with static type inference,typescript | schema-validation | type-inference | runtime-validation | static-types,2020-03-07T20:59:08Z,2026-02-15T14:20:41Z,42221,1867,TypeScript,3026,1597,201,505
stars_35001_50000,fd,sharkdp,sharkdp/fd,https://github.com/sharkdp/fd,"A simple, fast and user-friendly alternative to 'find'",command-line | tool | filesystem | search | regex | rust | cli | terminal | hacktoberfest,2017-05-09T21:27:10Z,2026-03-25T07:08:18Z,42198,1012,Rust,966,899,44,222
stars_35001_50000,TradingAgents,TauricResearch,TauricResearch/TradingAgents,https://github.com/TauricResearch/TradingAgents,TradingAgents: Multi-Agents LLM Financial Trading Framework,agent | finance | llm | multiagent | trading,2024-12-28T03:31:08Z,2026-03-22T23:51:27Z,42179,7723,Python,215,244,3,18
stars_35001_50000,gradio,gradio-app,gradio-app/gradio,https://github.com/gradio-app/gradio,"Build and share delightful machine learning apps, all in Python. 🌟 Star to support our work!",machine-learning | models | ui | ui-components | interface | python | data-science | data-visualization | deep-learning | data-analysis | gradio | gradio-interface | python-notebook | deploy,2018-12-19T08:24:04Z,2026-03-26T12:11:46Z,42160,3351,Python,6549,6190,1000,481
stars_35001_50000,ailearning,apachecn,apachecn/ailearning,https://github.com/apachecn/ailearning,AiLearning：数据分析+机器学习实战+线性代数+PyTorch+NLTK+TF2,fp-growth | apriori | mahchine-leaning | naivebayes | svm | adaboost | kmeans | svd | pca | logistic | regression | recommendedsystem | sklearn | scikit-learn | nlp | deeplearning | python | dnn | lstm | rnn,2017-02-25T08:53:02Z,2024-11-12T16:21:55Z,42152,11590,Python,117,534,2,13
stars_35001_50000,diagrams,mingrammer,mingrammer/diagrams,https://github.com/mingrammer/diagrams,:art: Diagram as Code for prototyping cloud system architectures,diagram | diagram-as-code | architecture | graphviz,2020-02-02T15:23:24Z,2026-02-07T11:02:07Z,42126,2726,Python,539,616,46,176
stars_35001_50000,siyuan,siyuan-note,siyuan-note/siyuan,https://github.com/siyuan-note/siyuan,"A privacy-first, self-hosted, fully open source personal knowledge management software, written in typescript and golang.",note-taking | local-first | knowledge-base | markdown | s3 | ocr | chatgpt | notion | obsidian | evernote | pdf | webdav | self-hosted | anki | notes-app | electron | deepseek | ollama | openclaw,2020-08-30T09:21:35Z,2026-03-26T07:06:25Z,42125,2621,TypeScript,16286,955,881,102
stars_35001_50000,awesome-openclaw-skills,VoltAgent,VoltAgent/awesome-openclaw-skills,https://github.com/VoltAgent/awesome-openclaw-skills,"The awesome collection of OpenClaw skills. 5,400+ skills filtered and categorized from the official OpenClaw Skills Registry.🦞",agent-skills | awesome-list | clawdbot | clawdbot-skill | clawd | clawdhub | moltbot | moltbot-skills | openclaw | openclaw-skills | awesome | awesome-lists,2026-01-25T09:22:32Z,2026-03-26T07:55:11Z,42100,4009,,57,276,0,76
stars_35001_50000,DeepSpeed,deepspeedai,deepspeedai/DeepSpeed,https://github.com/deepspeedai/DeepSpeed,"DeepSpeed is a deep learning optimization library that makes distributed training and inference easy, efficient, and effective.",deep-learning | pytorch | gpu | machine-learning | billion-parameters | data-parallelism | model-parallelism | inference | pipeline-parallelism | compression | mixture-of-experts | trillion-parameters | zero,2020-01-23T18:35:18Z,2026-03-26T13:02:23Z,41911,4766,Python,3317,3672,108,450
stars_35001_50000,ray,ray-project,ray-project/ray,https://github.com/ray-project/ray,Ray is an AI compute engine. Ray consists of a core distributed runtime and a set of AI Libraries for accelerating ML workloads.,ray | distributed | parallel | machine-learning | reinforcement-learning | deep-learning | python | rllib | hyperparameter-search | optimization | data-science | hyperparameter-optimization | serving | deployment | pytorch | tensorflow | llm-serving | large-language-models | llm | llm-inference,2016-10-25T19:38:30Z,2026-03-26T13:02:40Z,41870,7388,Python,22497,39241,123,1518
stars_35001_50000,English-level-up-tips,byoungd,byoungd/English-level-up-tips,https://github.com/byoungd/English-level-up-tips,An advanced guide to learn English which might benefit you a lot 🎉 .  离谱的英语学习指南/英语学习教程/英语学习/学英语,chinese | tutorial | english-learning,2017-05-30T07:18:52Z,2026-03-20T05:56:18Z,41845,4406,,106,38,0,28
stars_35001_50000,swiper,nolimits4web,nolimits4web/swiper,https://github.com/nolimits4web/swiper,Most modern mobile touch slider with hardware accelerated transitions,swipe | swiper | gallery | touch | touch-events | mobile | slider | carousel,2012-03-14T19:11:45Z,2026-03-24T17:46:33Z,41822,9704,JavaScript,5813,907,95,363
stars_35001_50000,hyperswitch,juspay,juspay/hyperswitch,https://github.com/juspay/hyperswitch,"An open source payments switch written in Rust to make payments fast, reliable and affordable",payments | rust | orchestration | hacktoberfest | beginner-friendly | featured | high-performance | open-source | restful-api | sdk | works-with-react | postgresql | redis | finance,2022-10-17T11:18:28Z,2026-03-26T13:03:39Z,41783,4575,Rust,3497,7887,153,251
stars_35001_50000,logseq,logseq,logseq/logseq,https://github.com/logseq/logseq,"A privacy-first, open-source platform for knowledge management and collaboration. Download link:  http://github.com/logseq/logseq/releases. roadmap: https://discuss.logseq.com/t/logseq-product-roadmap/34267",knowledge-base | graph | clojurescript | clojure | org-mode | markdown | git | local-first | knowledge-graph | note-taking | pkm,2020-05-23T00:06:06Z,2026-03-26T12:41:34Z,41724,2523,Clojure,8113,3656,152,319
stars_35001_50000,dubbo,apache,apache/dubbo,https://github.com/apache/dubbo,The java implementation of Apache Dubbo. An RPC and microservice framework.,dubbo | distributed-systems | framework | java | microservices | restful | rpc | grpc | http | service-mesh | web,2012-06-19T07:56:02Z,2026-03-26T02:59:56Z,41710,26530,Java,7381,8410,113,689
stars_35001_50000,nw.js,nwjs,nwjs/nw.js,https://github.com/nwjs/nw.js,Call all Node.js modules directly from DOM/WebWorker and enable a new way of writing applications with all Web technologies.,web-application-framework | javascript | desktop | node-webkit | nwjs | nodejs,2012-01-04T06:21:10Z,2026-03-26T02:36:18Z,41568,3871,JavaScript,7439,848,0,133
stars_35001_50000,yarn,yarnpkg,yarnpkg/yarn,https://github.com/yarnpkg/yarn,The 1.x line is frozen - features and bugfixes now happen on https://github.com/yarnpkg/berry,yarn | npm | package-manager | javascript,2016-01-19T17:39:16Z,2026-03-20T16:41:08Z,41528,2732,JavaScript,6621,2376,153,536
stars_35001_50000,ccxt,ccxt,ccxt/ccxt,https://github.com/ccxt/ccxt,A cryptocurrency trading API with more than 100 exchanges in JavaScript / TypeScript / Python / C# / PHP / Go ,altcoin | api | arbitrage | bitcoin | bot | cryptocurrency | crypto | ethereum | exchange | invest | library | strategy | trading | btc | eth | trade | merchant | market-data | cryptocurrencies | memecoin,2017-05-14T15:41:56Z,2026-03-26T12:03:37Z,41522,8560,Python,11348,16753,219,880
stars_35001_50000,uni-app,dcloudio,dcloudio/uni-app,https://github.com/dcloudio/uni-app,A cross-platform framework using Vue.js,uni-app | vue | miniprogram | javascript | uniapp | uni | hbuilderx | vue3 | android | cross-platform | crossplatform | ios,2018-07-12T08:52:39Z,2026-03-26T12:58:04Z,41458,3714,Objective-C,5066,779,0,270
stars_35001_50000,payload,payloadcms,payloadcms/payload,https://github.com/payloadcms/payload,"Payload is the open-source, fullstack Next.js framework, giving you instant backend superpowers. Get a full TypeScript backend and admin panel instantly. Use Payload as a headless CMS or for building powerful applications.",headless-cms | cms | express | graphql | react | payload | nodejs | typescript | javascript | mongodb | headless | content-management-system | content-management | mit-license | open-source | payloadcms | jamstack | postgres | nextjs,2021-01-05T18:49:45Z,2026-03-26T06:04:11Z,41451,3508,TypeScript,4432,8485,561,510
stars_35001_50000,black,psf,psf/black,https://github.com/psf/black,The uncompromising Python code formatter,python | code | formatter | codeformatter | gofmt | yapf | autopep8 | pre-commit-hook | hacktoberfest,2018-03-14T19:54:45Z,2026-03-26T06:33:17Z,41441,2742,Python,2783,2186,53,511
stars_35001_50000,ColossalAI,hpcaitech,hpcaitech/ColossalAI,https://github.com/hpcaitech/ColossalAI,"Making large AI models cheaper, faster and more accessible",deep-learning | hpc | large-scale | data-parallelism | pipeline-parallelism | model-parallelism | ai | big-model | distributed-computing | inference | heterogeneous-training | foundation-models,2021-10-28T16:19:44Z,2026-03-16T17:40:56Z,41377,4524,Python,1741,4408,50,199
stars_35001_50000,hexo,hexojs,hexojs/hexo,https://github.com/hexojs/hexo,"A fast, simple & powerful blog framework, powered by Node.js.",hexo | javascript | nodejs | static-site-generator | typescript | hacktoberfest,2012-09-23T15:17:08Z,2026-03-13T23:52:19Z,41333,5034,TypeScript,3994,1359,117,200
stars_35001_50000,fastlane,fastlane,fastlane/fastlane,https://github.com/fastlane/fastlane,🚀 The easiest way to automate building and releasing your iOS and Android apps,fastlane | automation | screenshots | ios | android | apps | deployment | mobile | ruby | hacktoberfest,2014-12-02T17:00:38Z,2026-03-24T10:24:12Z,41267,5982,Ruby,13262,7758,560,1639
stars_35001_50000,jan,janhq,janhq/jan,https://github.com/janhq/jan,Jan is an open source alternative to ChatGPT that runs 100% offline on your computer.,llamacpp | localai | self-hosted | gpt | tauri | chatgpt | llm | open-source,2023-08-17T02:17:10Z,2026-03-26T09:18:07Z,41250,2627,TypeScript,3366,3953,99,151
stars_35001_50000,ChatGLM-6B,zai-org,zai-org/ChatGLM-6B,https://github.com/zai-org/ChatGLM-6B,ChatGLM-6B: An Open Bilingual Dialogue Language Model | 开源双语对话语言模型,,2023-03-13T12:00:18Z,2024-06-27T04:05:25Z,41210,5201,Python,1315,124,0,49
stars_35001_50000,curl,curl,curl/curl,https://github.com/curl/curl,"A command line tool and library for transferring data with URL syntax, supporting DICT, FILE, FTP, FTPS, GOPHER, GOPHERS, HTTP, HTTPS, IMAP, IMAPS, LDAP, LDAPS, MQTT, MQTTS, POP3, POP3S, RTMP, RTMPS, RTSP, SCP, SFTP, SMB, SMBS, SMTP, SMTPS, TELNET, TFTP, WS and WSS. libcurl offers a myriad of powerful features",http | https | ftp | user-agent | client | library | curl | libcurl | c | transfer-data | ldap | mqtt | sftp | scp | imaps | gopher | pop3 | transferring-data | hacktoberfest | websocket,2010-03-18T22:32:22Z,2026-03-26T12:32:07Z,41181,7113,C,5393,14612,95,1494
stars_35001_50000,cheat.sh,chubin,chubin/cheat.sh,https://github.com/chubin/cheat.sh,the only cheat sheet you need,cheatsheet | curl | terminal | command-line | cli | examples | documentation | help | tldr | hacktoberfest2021,2017-05-07T21:40:56Z,2025-12-23T18:48:24Z,41149,1898,Python,268,162,0,65
stars_35001_50000,vue2-elm,bailicangdu,bailicangdu/vue2-elm,https://github.com/bailicangdu/vue2-elm,Large single page application with 45 pages built on vue2 + vuex. 基于 vue2 + vuex 构建一个具有 45 个页面的大型单页面应用,vue | vuex | webpack | es2015 | vue-router | sass | flex,2016-12-23T01:49:20Z,2025-04-11T12:52:02Z,41144,12327,Vue,631,55,0,18
stars_35001_50000,styled-components,styled-components,styled-components/styled-components,https://github.com/styled-components/styled-components,"Fast, expressive styling for React. Server components, client components, streaming SSR, React Native—one API.",react | css-in-js | styled-components | css | reactnative | rsc,2016-08-16T06:41:32Z,2026-03-24T00:08:57Z,41025,2527,TypeScript,2988,1404,190,384
stars_35001_50000,twenty,twentyhq,twentyhq/twenty,https://github.com/twentyhq/twenty,"Building a modern alternative to Salesforce, powered by the community.",crm | customer | graphql | marketing | react | sales | typescript | crm-system | nestjs | reactjs | web | monorepo | open-source | postgresql | good-first-issue | hacktoberfest | javascript,2022-12-01T13:04:40Z,2026-03-26T13:15:44Z,41020,5481,TypeScript,6167,11925,60,585
stars_35001_50000,vuetify,vuetifyjs,vuetifyjs/vuetify,https://github.com/vuetifyjs/vuetify,🐉 Vue Component Framework,vue | vuejs | vue-components | material-design | material | material-theme | material-components | javascript | semantic | vue-material | vuetify | vuetifyjs | ui | ui-components | ui-kit | typescript | vuejs3 | ui-design | ui-library,2016-09-12T00:39:35Z,2026-03-26T00:57:01Z,40990,7157,TypeScript,15313,6367,646,1163
stars_35001_50000,bubbletea,charmbracelet,charmbracelet/bubbletea,https://github.com/charmbracelet/bubbletea,A powerful little TUI framework 🏗,cli | framework | elm-architecture | tui | functional | golang | go | hacktoberfest,2020-01-10T21:04:03Z,2026-03-23T09:06:47Z,40985,1140,Go,416,956,73,150
stars_35001_50000,litellm,BerriAI,BerriAI/litellm,https://github.com/BerriAI/litellm,"Python SDK, Proxy Server (AI Gateway) to call 100+ LLM APIs in OpenAI (or native) format, with cost tracking, guardrails, loadbalancing and logging. [Bedrock, Azure, OpenAI, VertexAI, Cohere, Anthropic, Sagemaker, HuggingFace, VLLM, NVIDIA NIM]",anthropic | langchain | llm | llmops | openai | ai-gateway | azure-openai | bedrock | gateway | openai-proxy | vertex-ai | llm-gateway | litellm | mcp-gateway,2023-07-27T00:09:52Z,2026-03-26T06:00:57Z,40962,6751,Python,9617,14358,1000,1429
stars_35001_50000,desktop,zen-browser,zen-browser/desktop,https://github.com/zen-browser/desktop,Welcome to a calmer internet,firefox | firefox-based | firefox-browser | zen-browser,2024-03-28T00:05:55Z,2026-03-26T09:01:26Z,40924,1398,JavaScript,8598,1185,157,198
stars_35001_50000,tabler,tabler,tabler/tabler,https://github.com/tabler/tabler,Tabler is free and open-source HTML Dashboard UI Kit built on Bootstrap,dashboard | html | bootstrap | sass | scss | boilerplate-template | admin-dashboard | dashboard-templates | modular | dashboards | themes | jekyll | css | adminpanel | bootstrap4-theme | uikit | ui-kit | bootstrap5 | sponsors | html5,2018-02-01T09:08:59Z,2026-03-23T10:30:56Z,40877,4348,HTML,1152,1207,51,157
stars_35001_50000,claude-mem,thedotmack,thedotmack/claude-mem,https://github.com/thedotmack/claude-mem,"A Claude Code plugin that automatically captures everything Claude does during your coding sessions, compresses it with AI (using Claude's agent-sdk), and injects relevant context back into future sessions.",ai | ai-agents | ai-memory | anthropic | artificial-intelligence | claude | claude-agent-sdk | claude-agents | claude-code | claude-code-plugin | claude-skills | long-term-memory | mem0 | openmemory | supermemory | chromadb | sqlite | embeddings | memory-engine | rag,2025-08-31T20:50:03Z,2026-03-26T06:52:00Z,40860,3010,TypeScript,774,618,216,72
stars_35001_50000,remotion,remotion-dev,remotion-dev/remotion,https://github.com/remotion-dev/remotion,🎥      Make videos programmatically with React,react | video | javascript,2020-06-23T19:49:10Z,2026-03-26T12:12:11Z,40813,2607,TypeScript,2237,4535,601,346
stars_35001_50000,data-engineer-handbook,DataExpert-io,DataExpert-io/data-engineer-handbook,https://github.com/DataExpert-io/data-engineer-handbook,This is a repo with links to everything you'd ever want to learn about data engineering,apachespark | awesome | bigdata | data | dataengineering | sql,2023-11-19T19:47:41Z,2026-03-18T17:56:36Z,40715,7755,Jupyter Notebook,84,288,0,141
stars_35001_50000,cal.com,calcom,calcom/cal.com,https://github.com/calcom/cal.com,Scheduling infrastructure for absolutely everyone.,open-source | typescript | nextjs | next-auth | postgresql | prisma | t3-stack | tailwindcss | trpc | turborepo | zod,2021-03-22T13:47:42Z,2026-03-26T11:51:22Z,40713,12312,TypeScript,9116,18518,611,923
stars_35001_50000,daisyui,saadeghi,saadeghi/daisyui,https://github.com/saadeghi/daisyui,"🌼 🌼 🌼 🌼 🌼  The most popular, free and open-source Tailwind CSS component library",tailwind-css | ui-library | design-system | ui-pattern | ui-framework | css-components | css-framework | ui-kit | ui-design | design-systems | tailwind | css | postcss | tailwindcss | component | components | component-library | daisyui | svelte | front-end,2020-11-28T22:57:27Z,2026-03-25T13:36:21Z,40600,1625,Svelte,2125,704,184,307
stars_35001_50000,50projects50days,bradtraversy,bradtraversy/50projects50days,https://github.com/bradtraversy/50projects50days,"50+ mini web projects using HTML, CSS & JS",,2020-11-16T14:39:01Z,2025-02-26T13:49:39Z,40485,9775,CSS,0,243,0,43
stars_35001_50000,aria2,aria2,aria2/aria2,https://github.com/aria2/aria2,"aria2 is a lightweight multi-protocol & multi-source, cross platform download utility operated in command-line. It supports HTTP/HTTPS, FTP, SFTP, BitTorrent and Metalink.",cpp11 | http | ftp | sftp | bittorrent | rpc | download | metalink,2010-11-27T09:41:48Z,2026-03-10T10:01:53Z,40410,3833,C++,1915,384,24,74
stars_35001_50000,zju-icicles,QSCTech,QSCTech/zju-icicles,https://github.com/QSCTech/zju-icicles,浙江大学课程攻略共享计划,,2016-06-28T16:17:32Z,2026-01-20T11:01:02Z,40377,9601,HTML,78,272,0,138
stars_35001_50000,chakra-ui,chakra-ui,chakra-ui/chakra-ui,https://github.com/chakra-ui/chakra-ui,Chakra UI is a component system for building SaaS products with speed ⚡️,chakra-ui | react | uikit | react-components | accessible | a11y | wai-aria | reactjs | dark-mode | ui-components | ui-library | ark-ui | design-system | component | styled | css-in-js,2019-08-17T14:27:54Z,2026-03-26T09:45:46Z,40355,3572,TypeScript,4299,4053,1000,793
stars_35001_50000,Fabric,danielmiessler,danielmiessler/Fabric,https://github.com/danielmiessler/Fabric,Fabric is an open-source framework for augmenting humans using AI. It provides a modular system for solving specific problems using a crowdsourced set of AI prompts that can be used anywhere.,ai | augmentation | flourishing | life | work,2024-01-03T23:18:31Z,2026-03-25T23:59:30Z,40184,4005,Go,838,849,395,243
stars_35001_50000,remote-jobs,remoteintech,remoteintech/remote-jobs,https://github.com/remoteintech/remote-jobs,Source for remoteintech.company — a community-maintained directory of remote-friendly tech companies,remote | jobsearch | jobs-search | remote-work | remote-job | jobseeker | hacktoberfest | distributed-companies | remote-companies,2015-10-13T03:49:25Z,2026-03-25T21:51:16Z,40122,3930,Nunjucks,204,1865,0,951
stars_35001_50000,puter,HeyPuter,HeyPuter/puter,https://github.com/HeyPuter/puter,"🌐 The Internet Computer! Free, Open-Source, and Self-Hostable.",desktop | desktop-environment | osjs | web-desktop | webtop | cloud-os | web-os | javascript | cloud | os | remote-desktop | operating-system | gui | cloud-storage | dropbox | nas | storage | open-source | puter | good-first-issue,2024-03-03T01:44:32Z,2026-03-26T08:04:21Z,40066,3573,JavaScript,1038,1629,8,370
stars_35001_50000,vim,vim,vim/vim,https://github.com/vim/vim,The official Vim repository,vim | c | text-editor | cross-platform,2015-08-18T21:03:56Z,2026-03-25T22:12:50Z,40066,6015,Vim Script,9417,10131,0,775
stars_35001_50000,php-src,php,php/php-src,https://github.com/php/php-src,The PHP Interpreter,,2011-06-16T01:52:25Z,2026-03-26T11:00:53Z,39991,8022,C,4977,16335,44,1592
stars_35001_50000,tidb,pingcap,pingcap/tidb,https://github.com/pingcap/tidb,"TiDB - the open-source, cloud-native, distributed SQL database designed for modern applications.",distributed-database | distributed-transactions | tidb | database | scale | mysql | htap | sql | cloud-native | serverless | mysql-compatibility | go | hacktoberfest,2015-09-06T04:01:52Z,2026-03-26T12:44:49Z,39928,6156,Go,22679,44347,213,1055
stars_35001_50000,BettaFish,666ghj,666ghj/BettaFish,https://github.com/666ghj/BettaFish,微舆：人人可用的多Agent舆情分析助手，打破信息茧房，还原舆情原貌，预测未来走向，辅助决策！从0实现，不依赖任何框架。,agent-framework | data-analysis | multi-agent-system | nlp | public-opinion-analysis | python3 | sentiment-analysis | llms | deep-research | deep-search,2024-07-01T13:11:38Z,2026-03-13T16:22:40Z,39915,7421,Python,422,182,6,41
stars_35001_50000,esbuild,evanw,evanw/esbuild,https://github.com/evanw/esbuild,An extremely fast bundler for the web,typescript | minifier | javascript | commonjs | compiler | jsx | tsx | css | react | bundler | esm,2016-06-14T16:08:50Z,2026-03-12T14:24:06Z,39841,1301,Go,3865,504,310,125
stars_35001_50000,free,freefq,freefq/free,https://github.com/freefq/free,翻墙、免费翻墙、免费科学上网、免费节点、免费梯子、免费ss/v2ray/trojan节点、蓝灯、谷歌商店、翻墙梯子,fanqiang | v2ray | lantern | trojan | freefq | gfw | vmess | bulink | vpn | shadowsocks,2020-06-07T02:48:33Z,2024-08-20T09:43:55Z,39828,5655,,822,18,0,3
stars_35001_50000,trpc,trpc,trpc/trpc,https://github.com/trpc/trpc,🧙‍♀️  Move Fast and Break Nothing. End-to-end typesafe APIs made easy. ,typescript | api | nextjs | prisma | next | react,2020-07-18T01:17:11Z,2026-03-25T20:46:26Z,39822,1520,TypeScript,1345,4926,235,510
stars_35001_50000,gorm,go-gorm,go-gorm/gorm,https://github.com/go-gorm/gorm,"The fantastic ORM library for Golang, aims to be developer friendly",go | golang | orm | web | gorm,2013-10-25T08:31:38Z,2026-03-23T10:05:06Z,39657,4144,Go,6100,1496,11,470
stars_35001_50000,video.js,videojs,videojs/video.js,https://github.com/videojs/video.js,Video.js - open source HTML5 video player,video | player | hls | javascript | videojs | html | html5-video | html5-audio | html5 | dash | video-player,2010-05-14T18:45:10Z,2026-03-11T20:25:34Z,39614,7512,JavaScript,5417,3264,334,549
stars_35001_50000,faiss,facebookresearch,facebookresearch/faiss,https://github.com/facebookresearch/faiss,A library for efficient similarity search and clustering of dense vectors.,,2017-02-07T16:07:05Z,2026-03-26T06:36:07Z,39509,4306,C++,2735,1954,25,286
stars_35001_50000,photoprism,photoprism,photoprism/photoprism,https://github.com/photoprism/photoprism,AI-Powered Photos App for the Decentralized Web 🌈💎✨,golang | tensorflow | photography | private-cloud | google-photos | ai | machine-learning | self-hosted,2018-01-27T12:00:15Z,2026-03-25T11:13:54Z,39494,2235,Go,2493,1095,80,193
stars_35001_50000,Deep-Learning-Papers-Reading-Roadmap,floodsung,floodsung/Deep-Learning-Papers-Reading-Roadmap,https://github.com/floodsung/Deep-Learning-Papers-Reading-Roadmap,Deep Learning papers reading roadmap for anyone who are eager to learn this amazing tech!,deep-learning,2016-10-14T11:49:48Z,2022-11-27T13:18:32Z,39485,7313,Python,58,93,0,31
stars_35001_50000,fiber,gofiber,gofiber/fiber,https://github.com/gofiber/fiber,⚡️ Express inspired web framework written in Go,go | golang | fiber | web | fast | flexible | friendly | rest-api | performance | nodejs | express | framework | expressjs | hacktoberfest | hacktoberfest2020,2020-01-16T03:59:20Z,2026-03-26T12:52:44Z,39469,1967,Go,1639,2466,135,446
stars_35001_50000,FastChat,lm-sys,lm-sys/FastChat,https://github.com/lm-sys/FastChat,"An open platform for training, serving, and evaluating large language models. Release repo for Vicuna and Chatbot Arena.",,2023-03-19T00:18:02Z,2025-06-02T15:22:03Z,39450,4785,Python,1939,1235,14,246
stars_35001_50000,appsmith,appsmithorg,appsmithorg/appsmith,https://github.com/appsmithorg/appsmith,"Platform to build admin panels, internal tools, and dashboards. Integrates with 25+ databases and any API.",low-code | admin-dashboard | app-builder | internal-tools | custom-internal | java | javascript | typescript | react | admin-panels | workflows | crud | self-hosted | automation | developer-tools | low-code-framework | gui | gui-application | webdevelopment | hacktoberfest,2020-06-30T04:07:36Z,2026-03-26T09:53:33Z,39443,4506,TypeScript,23715,17772,303,380
stars_35001_50000,learn-claude-code,shareAI-lab,shareAI-lab/learn-claude-code,https://github.com/shareAI-lab/learn-claude-code,"Bash is all you need -  A nano claude code–like 「agent harness」, built from 0 to 1",agent | claude-code | teaching | agent-development | ai-agent | claude | educational | llm | python | tutorial,2025-06-29T15:34:15Z,2026-03-17T17:19:48Z,39375,6164,TypeScript,42,86,0,2
stars_35001_50000,Awesome-Design-Tools,goabstract,goabstract/Awesome-Design-Tools,https://github.com/goabstract/Awesome-Design-Tools,The best design tools and plugins for everything 👉,design | design-tools | ui-design | awesome-list | awesome | design-systems | animations | font-awesome,2019-02-12T13:55:30Z,2024-07-28T19:57:31Z,39367,2208,JavaScript,49,421,0,239
stars_35001_50000,qlib,microsoft,microsoft/qlib,https://github.com/microsoft/qlib,"Qlib is an AI-oriented Quant investment platform that aims to use AI tech to empower Quant Research, from exploring ideas to implementing productions. Qlib supports diverse ML modeling paradigms, including supervised learning, market dynamics modeling, and RL, and is now equipped with https://github.com/microsoft/RD-Agent to automate R&D process.",quantitative-finance | machine-learning | stock-data | platform | finance | algorithmic-trading | python | investment | quant | quantitative-trading | quant-dataset | quant-models | auto-quant | fintech | research-paper | paper | research | deep-learning,2020-08-14T06:46:00Z,2026-03-10T12:45:41Z,39354,6132,Python,1051,1110,23,149
stars_35001_50000,lossless-cut,mifi,mifi/lossless-cut,https://github.com/mifi/lossless-cut,The swiss army knife of lossless video/audio editing,video | editor | ffmpeg | video-files | cut | codec | player | lossless | video-editor | losslesscut,2016-10-30T10:49:56Z,2026-03-26T03:20:29Z,39348,1913,TypeScript,1813,314,105,163
stars_35001_50000,data-engineering-zoomcamp,DataTalksClub,DataTalksClub/data-engineering-zoomcamp,https://github.com/DataTalksClub/data-engineering-zoomcamp,Data Engineering Zoomcamp is a free 9-week course on building production-ready data pipelines. The next cohort starts in January 2026. Join the course here 👇🏼,data-engineering | kafka | spark | dbt | docker | kestra | course | free,2021-10-21T09:32:50Z,2026-03-19T14:23:14Z,39329,7903,Jupyter Notebook,141,694,0,206
stars_35001_50000,cobalt,imputnet,imputnet/cobalt,https://github.com/imputnet/cobalt,best way to save what you love,downloader | reddit | social-media | twitter | vk | webapp | youtube | tiktok | vimeo | video | music | soundcloud | collaboration | javascript | svelte | typescript | youtube-downloader | instagram,2022-07-08T18:12:55Z,2026-03-22T10:31:26Z,39271,3291,Svelte,1010,465,0,47
stars_35001_50000,phaser,phaserjs,phaserjs/phaser,https://github.com/phaserjs/phaser,"Phaser is a fun, free and fast 2D game framework for making HTML5 games for desktop and mobile web browsers, supporting Canvas and WebGL rendering.",phaser | phaserjs | javascript | html5-game-development | webgl | game-frameworks | game-development | gamedev | canvas | phaser-development | facebook-instant-games | discord-activities | youtube-playables,2013-04-12T12:27:51Z,2026-03-26T04:19:26Z,39241,7123,JavaScript,4605,2470,174,662
stars_35001_50000,shellcheck,koalaman,koalaman/shellcheck,https://github.com/koalaman/shellcheck,"ShellCheck, a static analysis tool for shell scripts",haskell | shell | static-analysis | bash | linter | developer-tools,2012-11-17T03:15:11Z,2026-03-12T02:48:15Z,39178,1907,Haskell,2957,434,30,174
stars_35001_50000,styleguide,google,google/styleguide,https://github.com/google/styleguide,Style guides for Google-originated open-source projects,cpplint | styleguide | style-guide,2015-05-20T19:18:59Z,2026-03-18T14:56:05Z,39137,12996,HTML,365,500,0,122
stars_35001_50000,chatbox,chatboxai,chatboxai/chatbox,https://github.com/chatboxai/chatbox,Powerful AI Client,chatgpt | openai | copilot | gpt | chatbot | ollama | assistant | claude | deepseek | gemini | gpt-5,2023-03-06T12:22:15Z,2026-03-26T09:04:56Z,39133,3962,TypeScript,2531,0,52,62
stars_35001_50000,materialize,Dogfalo,Dogfalo/materialize,https://github.com/Dogfalo/materialize,"Materialize, a CSS Framework based on Material Design",design | css | framework | javascript | material-design | material | css-framework,2014-09-12T19:35:38Z,2025-08-10T02:17:57Z,39107,4658,JavaScript,5223,1446,41,307
stars_35001_50000,bark,suno-ai,suno-ai/bark,https://github.com/suno-ai/bark,🔊 Text-Prompted Generative Audio Model,,2023-04-07T19:34:48Z,2024-08-19T07:45:36Z,39065,4682,Jupyter Notebook,478,87,0,17
stars_35001_50000,quivr,QuivrHQ,QuivrHQ/quivr,https://github.com/QuivrHQ/quivr,"Opiniated RAG for integrating GenAI in your apps 🧠   Focus on your product rather than the RAG. Easy integration in existing products with customisation!  Any LLM: GPT4, Groq, Llama. Any Vectorstore: PGVector, Faiss. Any Files. Anyway you want.",ai | llm | api | chatbot | chatgpt | database | docker | frontend | openai | postgresql | privacy | security | typescript | html | javascript | react | rag | vector | groq | framework,2023-05-12T23:53:30Z,2025-07-09T12:55:23Z,39060,3735,Python,1539,2070,354,119
stars_35001_50000,ChatTTS,2noise,2noise/ChatTTS,https://github.com/2noise/ChatTTS,A generative speech model for daily dialogue.,agent | text-to-speech | chat | chatgpt | chattts | chinese | chinese-language | english | english-language | gpt | llm | llm-agent | natural-language-inference | python | torch | torchaudio | tts,2024-05-27T18:26:49Z,2026-01-18T05:30:01Z,38991,4231,Python,672,278,6,57
stars_35001_50000,agno,agno-agi,agno-agi/agno,https://github.com/agno-agi/agno,"Build, run, manage agentic software at scale.",developer-tools | python | agents | ai | ai-agents,2022-05-04T15:23:02Z,2026-03-26T13:17:41Z,38948,5161,Python,2056,4164,175,411
stars_35001_50000,leveldb,google,google/leveldb,https://github.com/google/leveldb,LevelDB is a fast key-value storage library written at Google that provides an ordered mapping from string keys to string values.,,2014-08-27T21:17:52Z,2026-03-11T04:06:29Z,38928,8174,C++,790,457,21,73
stars_35001_50000,nushell,nushell,nushell/nushell,https://github.com/nushell/nushell,A new type of shell,shell | rust | nushell,2019-05-10T16:59:42Z,2026-03-26T00:31:15Z,38858,2088,Rust,7055,9763,117,856
stars_35001_50000,mindsdb,mindsdb,mindsdb/mindsdb,https://github.com/mindsdb/mindsdb,Query Engine for AI Analytics: Build self-reasoning agents across all your live data,ai | artificial-inteligence | databases | llms | rag | agents | mcp | analytics | business-intelligence | hacktoberfest | bigquery | mssql | mysql | postgresql,2018-08-02T17:56:45Z,2026-03-26T12:43:35Z,38839,6163,Python,4406,7353,337,887
stars_35001_50000,novu,novuhq,novuhq/novu,https://github.com/novuhq/novu,"The open-source notification Inbox infrastructure. E-mail, SMS, Push and Slack Integrations.",notifications | communication | email | sms | push-notifications | transactional | javascript | typescript | nodejs | notification-center | react | reactjs | hacktoberfest | inbox | novu | alternative,2021-08-26T15:22:44Z,2026-03-26T13:19:18Z,38745,4245,TypeScript,1673,8612,108,496
stars_35001_50000,awesome-cursorrules,PatrickJS,PatrickJS/awesome-cursorrules,https://github.com/PatrickJS/awesome-cursorrules,📄  Configuration files that enhance Cursor AI editor experience with custom rules and behaviors,awesome | awesome-list | cursor | cursor-ai-editor | cursorrules,2024-09-16T15:38:38Z,2025-10-24T16:37:26Z,38700,3278,MDX,54,140,0,65
stars_35001_50000,devdocs,freeCodeCamp,freeCodeCamp/devdocs,https://github.com/freeCodeCamp/devdocs,API Documentation Browser,devdocs | documentation | documentation-tool | developer-tools | docs | offline | app | api-documentation | pwa,2013-10-24T18:16:07Z,2026-03-24T20:55:47Z,38641,2580,Ruby,1264,1347,0,270
stars_35001_50000,impress.js,impress,impress/impress.js,https://github.com/impress/impress.js,It's a presentation framework based on the power of CSS3 transforms and transitions in modern browsers and inspired by the idea behind prezi.com.,,2011-12-28T22:23:19Z,2026-01-24T15:42:36Z,38517,6617,JavaScript,484,395,15,92
stars_35001_50000,preact,preactjs,preactjs/preact,https://github.com/preactjs/preact,⚛️ Fast 3kB React alternative with the same modern API. Components & Virtual DOM.,preact | jsx | react | virtual-dom | components | dom | vdom,2015-09-11T02:40:18Z,2026-03-26T07:37:27Z,38512,2029,JavaScript,1931,2782,241,369
stars_35001_50000,vnpy,vnpy,vnpy/vnpy,https://github.com/vnpy/vnpy,基于Python的开源量化交易平台开发框架,trading | investment | quant | python | algotrading | finance | fintech | vnpy,2015-03-02T03:36:58Z,2026-01-14T23:58:50Z,38409,11214,Python,2166,1532,66,152
stars_35001_50000,googletest,google,google/googletest,https://github.com/google/googletest,GoogleTest - Google Testing and Mocking Framework,,2015-07-28T15:07:53Z,2026-03-24T17:54:12Z,38402,10726,C++,2368,2147,11,485
stars_35001_50000,python-cheatsheet,gto76,gto76/python-cheatsheet,https://github.com/gto76/python-cheatsheet,Comprehensive Python Cheatsheet,cheatsheet | python | reference | python-cheatsheet,2018-01-25T04:16:53Z,2026-03-19T13:49:32Z,38307,6733,Python,27,0,0,14
stars_35001_50000,MPAndroidChart,PhilJay,PhilJay/MPAndroidChart,https://github.com/PhilJay/MPAndroidChart,"A powerful 🚀 Android chart view / graph view library, supporting line- bar- pie- radar- bubble- and candlestick charts as well as scaling, panning and animations.",java | chart | graph | android | mpandroidchart,2014-04-25T14:29:47Z,2025-06-05T07:06:39Z,38228,9046,Java,4965,512,44,81
stars_35001_50000,insomnia,Kong,Kong/insomnia,https://github.com/Kong/insomnia,"The open-source, cross-platform API client for GraphQL, REST, WebSockets, SSE and gRPC. With Cloud, Local and Git storage.",electron-app | rest-api | api-client | curl | http-client | graphql | api-design | api | grpc | websockets,2016-04-23T03:54:26Z,2026-03-26T09:48:33Z,38199,2249,TypeScript,3985,4782,548,356
stars_35001_50000,lapce,lapce,lapce/lapce,https://github.com/lapce/lapce,Lightning-fast and Powerful Code Editor written in Rust,code-editor | developer-tools | rust | text-editor | vim,2018-02-06T08:41:06Z,2026-03-26T00:52:59Z,38184,1242,Rust,2015,1642,35,189
stars_35001_50000,halo,halo-dev,halo-dev/halo,https://github.com/halo-dev/halo,强大易用的开源建站工具。,halo | cms | halocms | content-management-system | blog | blog-engine | website-builder,2018-03-21T12:56:52Z,2026-03-26T06:07:13Z,38150,10231,Java,4600,3254,253,164
stars_35001_50000,istio,istio,istio/istio,https://github.com/istio/istio,"Connect, secure, control, and observe services.",microservices | service-mesh | lyft-envoy | kubernetes | api-management | circuit-breaker | polyglot-microservices | enforce-policies | proxies | microservice | envoy | consul | nomad | request-routing | resiliency | fault-injection,2016-11-18T23:57:21Z,2026-03-26T11:08:20Z,38102,8278,Go,21770,36628,426,1404
stars_35001_50000,ant-design-pro,ant-design,ant-design/ant-design-pro,https://github.com/ant-design/ant-design-pro,👨🏻‍💻👩🏻‍💻 Use Ant Design like a Pro!,antd | react | enterprise | boilerplate | admin | umi | dashboard | ant-design | antv,2017-08-25T10:40:44Z,2026-03-23T17:56:06Z,38030,8234,TypeScript,9803,1561,26,365
stars_35001_50000,tesseract.js,naptha,naptha/tesseract.js,https://github.com/naptha/tesseract.js,Pure Javascript OCR for more than 100 Languages 📖🎉🖥,tesseract | webassembly | ocr | javascript | deep-learning,2015-06-24T02:49:52Z,2026-02-28T02:55:17Z,37956,2364,JavaScript,734,288,57,86
stars_35001_50000,polars,pola-rs,pola-rs/polars,https://github.com/pola-rs/polars,"Extremely fast Query Engine for DataFrames, written in Rust",dataframe-library | dataframe | dataframes | rust | arrow | python | out-of-core | polars,2020-05-13T19:45:33Z,2026-03-26T12:30:40Z,37856,2705,Rust,12521,14459,252,694
stars_35001_50000,Folo,RSSNext,RSSNext/Folo,https://github.com/RSSNext/Folo,🧡 Folo is the AI RSS Reader,reader | rss | rss-reader | ai | rsshub,2024-04-08T03:23:35Z,2026-03-24T23:34:06Z,37830,2008,TypeScript,2578,1647,95,150
stars_35001_50000,outline,outline,outline/outline,https://github.com/outline/outline,"The fastest knowledge base for growing teams. Beautiful, realtime collaborative, feature packed, and markdown compatible.",react | wiki | nodejs | mobx | slack | javascript | docker | hacktoberfest,2016-05-22T21:31:47Z,2026-03-26T09:41:44Z,37820,3157,TypeScript,3973,4954,159,236
stars_gt_50000,build-your-own-x,codecrafters-io,codecrafters-io/build-your-own-x,https://github.com/codecrafters-io/build-your-own-x,Master programming by recreating your favorite technologies from scratch.,programming | tutorials | tutorial-code | tutorial-exercises | free | awesome-list,2018-05-09T12:03:18Z,2026-02-21T09:34:54Z,483601,45508,Markdown,896,548,0,140
stars_gt_50000,awesome,sindresorhus,sindresorhus/awesome,https://github.com/sindresorhus/awesome,😎 Awesome lists about all kinds of interesting topics,awesome | awesome-list | unicorns | lists | resources,2014-07-11T13:42:37Z,2026-03-09T07:59:57Z,449021,33760,,367,2373,0,672
stars_gt_50000,freeCodeCamp,freeCodeCamp,freeCodeCamp/freeCodeCamp,https://github.com/freeCodeCamp/freeCodeCamp,"freeCodeCamp.org's open-source codebase and curriculum. Learn math, programming, and computer science for free.",learn-to-code | nonprofits | programming | nodejs | react | d3 | careers | education | teachers | javascript | certification | curriculum | math | community | freecodecamp,2014-12-24T17:49:19Z,2026-03-26T10:57:17Z,438857,43784,TypeScript,21214,44505,0,6419
stars_gt_50000,public-apis,public-apis,public-apis/public-apis,https://github.com/public-apis/public-apis,A collective list of free APIs,api | public-apis | free | apis | list | development | software | public | resources | dataset | open-source | public-api | lists,2016-03-20T23:49:42Z,2026-03-18T16:28:22Z,416315,45134,Python,853,4257,0,1380
stars_gt_50000,free-programming-books,EbookFoundation,EbookFoundation/free-programming-books,https://github.com/EbookFoundation/free-programming-books,:books: Freely available programming books,education | books | list | resource | hacktoberfest,2013-10-11T06:50:37Z,2026-03-24T15:26:23Z,384601,66059,Python,1265,11616,0,3474
stars_gt_50000,developer-roadmap,kamranahmedse,kamranahmedse/developer-roadmap,https://github.com/kamranahmedse/developer-roadmap,"Interactive roadmaps, guides and other educational content to help developers grow in their careers.",computer-science | roadmap | developer-roadmap | frontend-roadmap | devops-roadmap | backend-roadmap | react-roadmap | angular-roadmap | python-roadmap | go-roadmap | java-roadmap | dba-roadmap | vue-roadmap | blockchain-roadmap | javascript-roadmap | nodejs-roadmap | qa-roadmap | software-architect-roadmap,2017-03-15T13:45:52Z,2026-03-26T08:13:42Z,351691,43862,TypeScript,3102,5920,1,1537
stars_gt_50000,system-design-primer,donnemartin,donnemartin/system-design-primer,https://github.com/donnemartin/system-design-primer,Learn how to design large-scale systems. Prep for the system design interview.  Includes Anki flashcards.,programming | development | design | design-system | system | design-patterns | web | web-application | webapp | python | interview | interview-questions | interview-practice,2017-02-26T16:15:28Z,2026-03-20T01:52:19Z,340280,55042,Python,365,643,0,134
stars_gt_50000,coding-interview-university,jwasham,jwasham/coding-interview-university,https://github.com/jwasham/coding-interview-university,A complete computer science study plan to become a software engineer.,computer-science | interview | programming-interviews | study-plan | data-structures | algorithms | software-engineering | algorithm | coding-interviews | interview-prep | coding-interview | interview-preparation,2016-06-06T02:34:12Z,2025-08-28T14:42:47Z,338260,81628,,527,1040,0,355
stars_gt_50000,openclaw,openclaw,openclaw/openclaw,https://github.com/openclaw/openclaw,Your own personal AI assistant. Any OS. Any Platform. The lobster way. 🦞 ,ai | assistant | own-your-data | personal | crustacean | molty | openclaw,2025-11-24T10:16:47Z,2026-03-26T13:04:37Z,336913,65981,TypeScript,23040,30650,74,1400
stars_gt_50000,awesome-python,vinta,vinta/awesome-python,https://github.com/vinta/awesome-python,"An opinionated list of Python frameworks, libraries, tools, and resources.",awesome | python | collections | python-frameworks | python-libraries | python-tools,2014-06-27T21:00:06Z,2026-03-26T06:02:48Z,289091,27484,Python,0,2291,0,509
stars_gt_50000,awesome-selfhosted,awesome-selfhosted,awesome-selfhosted/awesome-selfhosted,https://github.com/awesome-selfhosted/awesome-selfhosted,A list of Free Software network services and web applications which can be hosted on your own servers,selfhosted | awesome | awesome-list | privacy | hosting | cloud | self-hosted | free-software,2015-06-01T02:33:17Z,2026-03-25T15:20:34Z,282191,12984,,807,3040,1,1360
stars_gt_50000,996.ICU,996icu,996icu/996.ICU,https://github.com/996icu/996.ICU,Repo for counting stars and contributing. Press F to pay respect to glorious developers.,,2019-03-26T07:31:14Z,2025-08-22T06:01:29Z,275799,20929,,0,1999,0,761
stars_gt_50000,project-based-learning,practical-tutorials,practical-tutorials/project-based-learning,https://github.com/practical-tutorials/project-based-learning,Curated list of project-based tutorials,tutorial | project | beginner-project | webdevelopment | python | javascript | cpp | golang,2017-04-12T05:07:46Z,2024-08-15T05:33:54Z,261739,34049,,227,512,0,109
stars_gt_50000,react,facebook,facebook/react,https://github.com/facebook/react,The library for web and native user interfaces.,javascript | react | frontend | declarative | ui | library,2013-05-24T16:15:54Z,2026-03-25T22:13:22Z,244214,50863,JavaScript,14419,19256,118,1974
stars_gt_50000,Python,TheAlgorithms,TheAlgorithms/Python,https://github.com/TheAlgorithms/Python,All Algorithms implemented in Python,python | algorithm | algorithms-implemented | algorithm-competitions | algos | sorts | searches | sorting-algorithms | education | learn | practice | community-driven | interview | hacktoberfest,2016-07-16T09:44:01Z,2026-03-25T22:39:47Z,219066,50247,Python,1707,12020,0,1328
stars_gt_50000,the-book-of-secret-knowledge,trimstray,trimstray/the-book-of-secret-knowledge,https://github.com/trimstray/the-book-of-secret-knowledge,"A collection of inspiring lists, manuals, cheatsheets, blogs, hacks, one-liners, cli/web tools and more.",awesome | awesome-list | lists | manuals | resources | howtos | hacks | search-engines | one-liners | cheatsheets | guidelines | sysops | devops | pentesters | security-researchers | linux | bsd | security | hacking,2018-06-23T10:43:14Z,2024-11-19T14:00:38Z,211739,12669,,0,356,0,108
stars_gt_50000,vue,vuejs,vuejs/vue,https://github.com/vuejs/vue,"This is the repo for Vue 2. For Vue 3, go to https://github.com/vuejs/core",vue | javascript | frontend | framework,2013-07-29T03:24:51Z,2024-10-10T07:24:15Z,209961,33836,TypeScript,10028,2620,249,381
stars_gt_50000,computer-science,ossu,ossu/computer-science,https://github.com/ossu/computer-science,🎓 Path to a free self-taught education in Computer Science!,computer-science | awesome-list | courses | curriculum,2014-05-04T00:18:39Z,2026-03-26T07:38:10Z,202740,25171,HTML,670,512,0,176
stars_gt_50000,javascript-algorithms,trekhleb,trekhleb/javascript-algorithms,https://github.com/trekhleb/javascript-algorithms,📝 Algorithms and data structures implemented in JavaScript with explanations and links to further readings,javascript | algorithms | algorithm | javascript-algorithms | computer-science | interview | data-structures | interview-preparation,2018-03-24T07:47:04Z,2026-02-18T09:20:06Z,195790,31095,JavaScript,373,827,0,220
